"","Date.Time","Logger"
"1",2022-05-11 11:15:00,0.586
"2",2022-05-11 11:30:00,0.497
"3",2022-05-11 11:45:00,0.409
"4",2022-05-11 12:00:00,0.368
"5",2022-05-11 12:15:00,0.374
"6",2022-05-11 12:30:00,0.372
"7",2022-05-11 12:45:00,0.372
"8",2022-05-11 13:00:00,0.373
"9",2022-05-11 13:15:00,0.374
"10",2022-05-11 13:30:00,0.372
"11",2022-05-11 13:45:00,0.374
"12",2022-05-11 14:00:00,0.372
"13",2022-05-11 14:15:00,0.371
"14",2022-05-11 14:30:00,0.373
"15",2022-05-11 14:45:00,0.375
"16",2022-05-11 15:00:00,0.374
"17",2022-05-11 15:15:00,0.378
"18",2022-05-11 15:30:00,0.376
"19",2022-05-11 15:45:00,0.377
"20",2022-05-11 16:00:00,0.377
"21",2022-05-11 16:15:00,0.376
"22",2022-05-11 16:30:00,0.377
"23",2022-05-11 16:45:00,0.377
"24",2022-05-11 17:00:00,0.376
"25",2022-05-11 17:15:00,0.375
"26",2022-05-11 17:30:00,0.374
"27",2022-05-11 17:45:00,0.374
"28",2022-05-11 18:00:00,0.374
"29",2022-05-11 18:15:00,0.375
"30",2022-05-11 18:30:00,0.375
"31",2022-05-11 18:45:00,0.377
"32",2022-05-11 19:00:00,0.377
"33",2022-05-11 19:15:00,0.374
"34",2022-05-11 19:30:00,0.375
"35",2022-05-11 19:45:00,0.376
"36",2022-05-11 20:00:00,0.375
"37",2022-05-11 20:15:00,0.376
"38",2022-05-11 20:30:00,0.438
"39",2022-05-11 20:45:00,0.521
"40",2022-05-11 21:00:00,0.593
"41",2022-05-11 21:15:00,0.665
"42",2022-05-11 21:30:00,0.738
"43",2022-05-11 21:45:00,0.788
"44",2022-05-11 22:00:00,0.831
"45",2022-05-11 22:15:00,0.85
"46",2022-05-11 22:30:00,0.854
"47",2022-05-11 22:45:00,0.838
"48",2022-05-11 23:00:00,0.801
"49",2022-05-11 23:15:00,0.744
"50",2022-05-11 23:30:00,0.679
"51",2022-05-11 23:45:00,0.599
"52",2022-05-12 00:00:00,0.519
"53",2022-05-12 00:15:00,0.432
"54",2022-05-12 00:30:00,0.367
"55",2022-05-12 00:45:00,0.371
"56",2022-05-12 01:00:00,0.369
"57",2022-05-12 01:15:00,0.37
"58",2022-05-12 01:30:00,0.369
"59",2022-05-12 01:45:00,0.37
"60",2022-05-12 02:00:00,0.374
"61",2022-05-12 02:15:00,0.374
"62",2022-05-12 02:30:00,0.371
"63",2022-05-12 02:45:00,0.372
"64",2022-05-12 03:00:00,0.37
"65",2022-05-12 03:15:00,0.371
"66",2022-05-12 03:30:00,0.371
"67",2022-05-12 03:45:00,0.374
"68",2022-05-12 04:00:00,0.371
"69",2022-05-12 04:15:00,0.374
"70",2022-05-12 04:30:00,0.371
"71",2022-05-12 04:45:00,0.37
"72",2022-05-12 05:00:00,0.371
"73",2022-05-12 05:15:00,0.373
"74",2022-05-12 05:30:00,0.371
"75",2022-05-12 05:45:00,0.371
"76",2022-05-12 06:00:00,0.372
"77",2022-05-12 06:15:00,0.372
"78",2022-05-12 06:30:00,0.369
"79",2022-05-12 06:45:00,0.371
"80",2022-05-12 07:00:00,0.372
"81",2022-05-12 07:15:00,0.371
"82",2022-05-12 07:30:00,0.372
"83",2022-05-12 07:45:00,0.371
"84",2022-05-12 08:00:00,0.37
"85",2022-05-12 08:15:00,0.372
"86",2022-05-12 08:30:00,0.372
"87",2022-05-12 08:45:00,0.403
"88",2022-05-12 09:00:00,0.493
"89",2022-05-12 09:15:00,0.576
"90",2022-05-12 09:30:00,0.644
"91",2022-05-12 09:45:00,0.714
"92",2022-05-12 10:00:00,0.769
"93",2022-05-12 10:15:00,0.814
"94",2022-05-12 10:30:00,0.839
"95",2022-05-12 10:45:00,0.853
"96",2022-05-12 11:00:00,0.834
"97",2022-05-12 11:15:00,0.8
"98",2022-05-12 11:30:00,0.748
"99",2022-05-12 11:45:00,0.682
"100",2022-05-12 12:00:00,0.602
"101",2022-05-12 12:15:00,0.531
"102",2022-05-12 12:30:00,0.439
"103",2022-05-12 12:45:00,0.371
"104",2022-05-12 13:00:00,0.372
"105",2022-05-12 13:15:00,0.371
"106",2022-05-12 13:30:00,0.373
"107",2022-05-12 13:45:00,0.374
"108",2022-05-12 14:00:00,0.373
"109",2022-05-12 14:15:00,0.378
"110",2022-05-12 14:30:00,0.375
"111",2022-05-12 14:45:00,0.375
"112",2022-05-12 15:00:00,0.377
"113",2022-05-12 15:15:00,0.377
"114",2022-05-12 15:30:00,0.375
"115",2022-05-12 15:45:00,0.375
"116",2022-05-12 16:00:00,0.376
"117",2022-05-12 16:15:00,0.378
"118",2022-05-12 16:30:00,0.377
"119",2022-05-12 16:45:00,0.377
"120",2022-05-12 17:00:00,0.375
"121",2022-05-12 17:15:00,0.375
"122",2022-05-12 17:30:00,0.375
"123",2022-05-12 17:45:00,0.373
"124",2022-05-12 18:00:00,0.375
"125",2022-05-12 18:15:00,0.375
"126",2022-05-12 18:30:00,0.374
"127",2022-05-12 18:45:00,0.374
"128",2022-05-12 19:00:00,0.375
"129",2022-05-12 19:15:00,0.375
"130",2022-05-12 19:30:00,0.377
"131",2022-05-12 19:45:00,0.375
"132",2022-05-12 20:00:00,0.375
"133",2022-05-12 20:15:00,0.375
"134",2022-05-12 20:30:00,0.373
"135",2022-05-12 20:45:00,0.375
"136",2022-05-12 21:00:00,0.374
"137",2022-05-12 21:15:00,0.432
"138",2022-05-12 21:30:00,0.526
"139",2022-05-12 21:45:00,0.61
"140",2022-05-12 22:00:00,0.701
"141",2022-05-12 22:15:00,0.772
"142",2022-05-12 22:30:00,0.834
"143",2022-05-12 22:45:00,0.885
"144",2022-05-12 23:00:00,0.921
"145",2022-05-12 23:15:00,0.933
"146",2022-05-12 23:30:00,0.921
"147",2022-05-12 23:45:00,0.883
"148",2022-05-13 00:00:00,0.828
"149",2022-05-13 00:15:00,0.765
"150",2022-05-13 00:30:00,0.681
"151",2022-05-13 00:45:00,0.603
"152",2022-05-13 01:00:00,0.51
"153",2022-05-13 01:15:00,0.415
"154",2022-05-13 01:30:00,0.371
"155",2022-05-13 01:45:00,0.371
"156",2022-05-13 02:00:00,0.373
"157",2022-05-13 02:15:00,0.374
"158",2022-05-13 02:30:00,0.373
"159",2022-05-13 02:45:00,0.373
"160",2022-05-13 03:00:00,0.374
"161",2022-05-13 03:15:00,0.373
"162",2022-05-13 03:30:00,0.374
"163",2022-05-13 03:45:00,0.374
"164",2022-05-13 04:00:00,0.374
"165",2022-05-13 04:15:00,0.373
"166",2022-05-13 04:30:00,0.373
"167",2022-05-13 04:45:00,0.372
"168",2022-05-13 05:00:00,0.371
"169",2022-05-13 05:15:00,0.372
"170",2022-05-13 05:30:00,0.371
"171",2022-05-13 05:45:00,0.372
"172",2022-05-13 06:00:00,0.374
"173",2022-05-13 06:15:00,0.374
"174",2022-05-13 06:30:00,0.374
"175",2022-05-13 06:45:00,0.373
"176",2022-05-13 07:00:00,0.374
"177",2022-05-13 07:15:00,0.373
"178",2022-05-13 07:30:00,0.374
"179",2022-05-13 07:45:00,0.374
"180",2022-05-13 08:00:00,0.374
"181",2022-05-13 08:15:00,0.374
"182",2022-05-13 08:30:00,0.375
"183",2022-05-13 08:45:00,0.376
"184",2022-05-13 09:00:00,0.374
"185",2022-05-13 09:15:00,0.375
"186",2022-05-13 09:30:00,0.377
"187",2022-05-13 09:45:00,0.431
"188",2022-05-13 10:00:00,0.528
"189",2022-05-13 10:15:00,0.617
"190",2022-05-13 10:30:00,0.694
"191",2022-05-13 10:45:00,0.769
"192",2022-05-13 11:00:00,0.823
"193",2022-05-13 11:15:00,0.869
"194",2022-05-13 11:30:00,0.885
"195",2022-05-13 11:45:00,0.888
"196",2022-05-13 12:00:00,0.856
"197",2022-05-13 12:15:00,0.814
"198",2022-05-13 12:30:00,0.754
"199",2022-05-13 12:45:00,0.671
"200",2022-05-13 13:00:00,0.594
"201",2022-05-13 13:15:00,0.506
"202",2022-05-13 13:30:00,0.41
"203",2022-05-13 13:45:00,0.369
"204",2022-05-13 14:00:00,0.373
"205",2022-05-13 14:15:00,0.373
"206",2022-05-13 14:30:00,0.373
"207",2022-05-13 14:45:00,0.377
"208",2022-05-13 15:00:00,0.375
"209",2022-05-13 15:15:00,0.374
"210",2022-05-13 15:30:00,0.376
"211",2022-05-13 15:45:00,0.376
"212",2022-05-13 16:00:00,0.374
"213",2022-05-13 16:15:00,0.375
"214",2022-05-13 16:30:00,0.376
"215",2022-05-13 16:45:00,0.375
"216",2022-05-13 17:00:00,0.378
"217",2022-05-13 17:15:00,0.376
"218",2022-05-13 17:30:00,0.373
"219",2022-05-13 17:45:00,0.374
"220",2022-05-13 18:00:00,0.372
"221",2022-05-13 18:15:00,0.373
"222",2022-05-13 18:30:00,0.374
"223",2022-05-13 18:45:00,0.373
"224",2022-05-13 19:00:00,0.375
"225",2022-05-13 19:15:00,0.372
"226",2022-05-13 19:30:00,0.375
"227",2022-05-13 19:45:00,0.373
"228",2022-05-13 20:00:00,0.373
"229",2022-05-13 20:15:00,0.372
"230",2022-05-13 20:30:00,0.372
"231",2022-05-13 20:45:00,0.375
"232",2022-05-13 21:00:00,0.374
"233",2022-05-13 21:15:00,0.375
"234",2022-05-13 21:30:00,0.374
"235",2022-05-13 21:45:00,0.426
"236",2022-05-13 22:00:00,0.529
"237",2022-05-13 22:15:00,0.635
"238",2022-05-13 22:30:00,0.737
"239",2022-05-13 22:45:00,0.819
"240",2022-05-13 23:00:00,0.902
"241",2022-05-13 23:15:00,0.973
"242",2022-05-13 23:30:00,1.025
"243",2022-05-13 23:45:00,1.06
"244",2022-05-14 00:00:00,1.071
"245",2022-05-14 00:15:00,1.061
"246",2022-05-14 00:30:00,1.019
"247",2022-05-14 00:45:00,0.959
"248",2022-05-14 01:00:00,0.891
"249",2022-05-14 01:15:00,0.805
"250",2022-05-14 01:30:00,0.714
"251",2022-05-14 01:45:00,0.623
"252",2022-05-14 02:00:00,0.513
"253",2022-05-14 02:15:00,0.413
"254",2022-05-14 02:30:00,0.377
"255",2022-05-14 02:45:00,0.377
"256",2022-05-14 03:00:00,0.375
"257",2022-05-14 03:15:00,0.376
"258",2022-05-14 03:30:00,0.375
"259",2022-05-14 03:45:00,0.375
"260",2022-05-14 04:00:00,0.375
"261",2022-05-14 04:15:00,0.374
"262",2022-05-14 04:30:00,0.374
"263",2022-05-14 04:45:00,0.373
"264",2022-05-14 05:00:00,0.377
"265",2022-05-14 05:15:00,0.374
"266",2022-05-14 05:30:00,0.374
"267",2022-05-14 05:45:00,0.375
"268",2022-05-14 06:00:00,0.375
"269",2022-05-14 06:15:00,0.373
"270",2022-05-14 06:30:00,0.376
"271",2022-05-14 06:45:00,0.374
"272",2022-05-14 07:00:00,0.376
"273",2022-05-14 07:15:00,0.375
"274",2022-05-14 07:30:00,0.378
"275",2022-05-14 07:45:00,0.374
"276",2022-05-14 08:00:00,0.375
"277",2022-05-14 08:15:00,0.375
"278",2022-05-14 08:30:00,0.375
"279",2022-05-14 08:45:00,0.377
"280",2022-05-14 09:00:00,0.375
"281",2022-05-14 09:15:00,0.376
"282",2022-05-14 09:30:00,0.373
"283",2022-05-14 09:45:00,0.374
"284",2022-05-14 10:00:00,0.372
"285",2022-05-14 10:15:00,0.374
"286",2022-05-14 10:30:00,0.374
"287",2022-05-14 10:45:00,0.445
"288",2022-05-14 11:00:00,0.543
"289",2022-05-14 11:15:00,0.626
"290",2022-05-14 11:30:00,0.713
"291",2022-05-14 11:45:00,0.781
"292",2022-05-14 12:00:00,0.838
"293",2022-05-14 12:15:00,0.872
"294",2022-05-14 12:30:00,0.889
"295",2022-05-14 12:45:00,0.875
"296",2022-05-14 13:00:00,0.836
"297",2022-05-14 13:15:00,0.78
"298",2022-05-14 13:30:00,0.708
"299",2022-05-14 13:45:00,0.629
"300",2022-05-14 14:00:00,0.54
"301",2022-05-14 14:15:00,0.448
"302",2022-05-14 14:30:00,0.369
"303",2022-05-14 14:45:00,0.374
"304",2022-05-14 15:00:00,0.371
"305",2022-05-14 15:15:00,0.373
"306",2022-05-14 15:30:00,0.372
"307",2022-05-14 15:45:00,0.373
"308",2022-05-14 16:00:00,0.372
"309",2022-05-14 16:15:00,0.372
"310",2022-05-14 16:30:00,0.372
"311",2022-05-14 16:45:00,0.373
"312",2022-05-14 17:00:00,0.374
"313",2022-05-14 17:15:00,0.373
"314",2022-05-14 17:30:00,0.372
"315",2022-05-14 17:45:00,0.374
"316",2022-05-14 18:00:00,0.373
"317",2022-05-14 18:15:00,0.375
"318",2022-05-14 18:30:00,0.374
"319",2022-05-14 18:45:00,0.375
"320",2022-05-14 19:00:00,0.376
"321",2022-05-14 19:15:00,0.377
"322",2022-05-14 19:30:00,0.375
"323",2022-05-14 19:45:00,0.376
"324",2022-05-14 20:00:00,0.375
"325",2022-05-14 20:15:00,0.375
"326",2022-05-14 20:30:00,0.374
"327",2022-05-14 20:45:00,0.375
"328",2022-05-14 21:00:00,0.376
"329",2022-05-14 21:15:00,0.374
"330",2022-05-14 21:30:00,0.375
"331",2022-05-14 21:45:00,0.377
"332",2022-05-14 22:00:00,0.376
"333",2022-05-14 22:15:00,0.381
"334",2022-05-14 22:30:00,0.513
"335",2022-05-14 22:45:00,0.634
"336",2022-05-14 23:00:00,0.744
"337",2022-05-14 23:15:00,0.85
"338",2022-05-14 23:30:00,0.953
"339",2022-05-14 23:45:00,1.034
"340",2022-05-15 00:00:00,1.117
"341",2022-05-15 00:15:00,1.182
"342",2022-05-15 00:30:00,1.226
"343",2022-05-15 00:45:00,1.25
"344",2022-05-15 01:00:00,1.241
"345",2022-05-15 01:15:00,1.204
"346",2022-05-15 01:30:00,1.155
"347",2022-05-15 01:45:00,1.078
"348",2022-05-15 02:00:00,0.984
"349",2022-05-15 02:15:00,0.894
"350",2022-05-15 02:30:00,0.794
"351",2022-05-15 02:45:00,0.682
"352",2022-05-15 03:00:00,0.579
"353",2022-05-15 03:15:00,0.461
"354",2022-05-15 03:30:00,0.373
"355",2022-05-15 03:45:00,0.374
"356",2022-05-15 04:00:00,0.375
"357",2022-05-15 04:15:00,0.373
"358",2022-05-15 04:30:00,0.375
"359",2022-05-15 04:45:00,0.374
"360",2022-05-15 05:00:00,0.374
"361",2022-05-15 05:15:00,0.374
"362",2022-05-15 05:30:00,0.372
"363",2022-05-15 05:45:00,0.375
"364",2022-05-15 06:00:00,0.373
"365",2022-05-15 06:15:00,0.375
"366",2022-05-15 06:30:00,0.374
"367",2022-05-15 06:45:00,0.375
"368",2022-05-15 07:00:00,0.375
"369",2022-05-15 07:15:00,0.375
"370",2022-05-15 07:30:00,0.376
"371",2022-05-15 07:45:00,0.375
"372",2022-05-15 08:00:00,0.377
"373",2022-05-15 08:15:00,0.374
"374",2022-05-15 08:30:00,0.374
"375",2022-05-15 08:45:00,0.377
"376",2022-05-15 09:00:00,0.374
"377",2022-05-15 09:15:00,0.376
"378",2022-05-15 09:30:00,0.375
"379",2022-05-15 09:45:00,0.377
"380",2022-05-15 10:00:00,0.376
"381",2022-05-15 10:15:00,0.374
"382",2022-05-15 10:30:00,0.371
"383",2022-05-15 10:45:00,0.376
"384",2022-05-15 11:00:00,0.37
"385",2022-05-15 11:15:00,0.492
"386",2022-05-15 11:30:00,0.598
"387",2022-05-15 11:45:00,0.702
"388",2022-05-15 12:00:00,0.799
"389",2022-05-15 12:15:00,0.888
"390",2022-05-15 12:30:00,0.966
"391",2022-05-15 12:45:00,1.034
"392",2022-05-15 13:00:00,1.077
"393",2022-05-15 13:15:00,1.097
"394",2022-05-15 13:30:00,1.092
"395",2022-05-15 13:45:00,1.056
"396",2022-05-15 14:00:00,1.002
"397",2022-05-15 14:15:00,0.929
"398",2022-05-15 14:30:00,0.838
"399",2022-05-15 14:45:00,0.755
"400",2022-05-15 15:00:00,0.653
"401",2022-05-15 15:15:00,0.548
"402",2022-05-15 15:30:00,0.45
"403",2022-05-15 15:45:00,0.373
"404",2022-05-15 16:00:00,0.374
"405",2022-05-15 16:15:00,0.376
"406",2022-05-15 16:30:00,0.375
"407",2022-05-15 16:45:00,0.376
"408",2022-05-15 17:00:00,0.375
"409",2022-05-15 17:15:00,0.374
"410",2022-05-15 17:30:00,0.372
"411",2022-05-15 17:45:00,0.372
"412",2022-05-15 18:00:00,0.372
"413",2022-05-15 18:15:00,0.374
"414",2022-05-15 18:30:00,0.372
"415",2022-05-15 18:45:00,0.373
"416",2022-05-15 19:00:00,0.373
"417",2022-05-15 19:15:00,0.374
"418",2022-05-15 19:30:00,0.374
"419",2022-05-15 19:45:00,0.375
"420",2022-05-15 20:00:00,0.373
"421",2022-05-15 20:15:00,0.373
"422",2022-05-15 20:30:00,0.373
"423",2022-05-15 20:45:00,0.371
"424",2022-05-15 21:00:00,0.373
"425",2022-05-15 21:15:00,0.372
"426",2022-05-15 21:30:00,0.37
"427",2022-05-15 21:45:00,0.374
"428",2022-05-15 22:00:00,0.375
"429",2022-05-15 22:15:00,0.372
"430",2022-05-15 22:30:00,0.372
"431",2022-05-15 22:45:00,0.41
"432",2022-05-15 23:00:00,0.54
"433",2022-05-15 23:15:00,0.668
"434",2022-05-15 23:30:00,0.79
"435",2022-05-15 23:45:00,0.906
"436",2022-05-16 00:00:00,1.012
"437",2022-05-16 00:15:00,1.114
"438",2022-05-16 00:30:00,1.205
"439",2022-05-16 00:45:00,1.289
"440",2022-05-16 01:00:00,1.357
"441",2022-05-16 01:15:00,1.4
"442",2022-05-16 01:30:00,1.422
"443",2022-05-16 01:45:00,1.409
"444",2022-05-16 02:00:00,1.366
"445",2022-05-16 02:15:00,1.311
"446",2022-05-16 02:30:00,1.233
"447",2022-05-16 02:45:00,1.149
"448",2022-05-16 03:00:00,1.055
"449",2022-05-16 03:15:00,0.938
"450",2022-05-16 03:30:00,0.827
"451",2022-05-16 03:45:00,0.715
"452",2022-05-16 04:00:00,0.595
"453",2022-05-16 04:15:00,0.48
"454",2022-05-16 04:30:00,0.375
"455",2022-05-16 04:45:00,0.375
"456",2022-05-16 05:00:00,0.374
"457",2022-05-16 05:15:00,0.375
"458",2022-05-16 05:30:00,0.375
"459",2022-05-16 05:45:00,0.374
"460",2022-05-16 06:00:00,0.374
"461",2022-05-16 06:15:00,0.373
"462",2022-05-16 06:30:00,0.374
"463",2022-05-16 06:45:00,0.374
"464",2022-05-16 07:00:00,0.375
"465",2022-05-16 07:15:00,0.375
"466",2022-05-16 07:30:00,0.374
"467",2022-05-16 07:45:00,0.375
"468",2022-05-16 08:00:00,0.374
"469",2022-05-16 08:15:00,0.376
"470",2022-05-16 08:30:00,0.373
"471",2022-05-16 08:45:00,0.374
"472",2022-05-16 09:00:00,0.374
"473",2022-05-16 09:15:00,0.376
"474",2022-05-16 09:30:00,0.375
"475",2022-05-16 09:45:00,0.374
"476",2022-05-16 10:00:00,0.375
"477",2022-05-16 10:15:00,0.374
"478",2022-05-16 10:30:00,0.375
"479",2022-05-16 10:45:00,0.373
"480",2022-05-16 11:00:00,0.374
"481",2022-05-16 11:15:00,0.374
"482",2022-05-16 11:30:00,0.373
"483",2022-05-16 11:45:00,0.375
"484",2022-05-16 12:00:00,0.465
"485",2022-05-16 12:15:00,0.587
"486",2022-05-16 12:30:00,0.693
"487",2022-05-16 12:45:00,0.8
"488",2022-05-16 13:00:00,0.894
"489",2022-05-16 13:15:00,0.977
"490",2022-05-16 13:30:00,1.048
"491",2022-05-16 13:45:00,1.106
"492",2022-05-16 14:00:00,1.14
"493",2022-05-16 14:15:00,1.152
"494",2022-05-16 14:30:00,1.129
"495",2022-05-16 14:45:00,1.088
"496",2022-05-16 15:00:00,1.023
"497",2022-05-16 15:15:00,0.94
"498",2022-05-16 15:30:00,0.853
"499",2022-05-16 15:45:00,0.76
"500",2022-05-16 16:00:00,0.654
"501",2022-05-16 16:15:00,0.545
"502",2022-05-16 16:30:00,0.443
"503",2022-05-16 16:45:00,0.376
"504",2022-05-16 17:00:00,0.375
"505",2022-05-16 17:15:00,0.374
"506",2022-05-16 17:30:00,0.375
"507",2022-05-16 17:45:00,0.371
"508",2022-05-16 18:00:00,0.376
"509",2022-05-16 18:15:00,0.375
"510",2022-05-16 18:30:00,0.374
"511",2022-05-16 18:45:00,0.375
"512",2022-05-16 19:00:00,0.375
"513",2022-05-16 19:15:00,0.374
"514",2022-05-16 19:30:00,0.376
"515",2022-05-16 19:45:00,0.376
"516",2022-05-16 20:00:00,0.374
"517",2022-05-16 20:15:00,0.374
"518",2022-05-16 20:30:00,0.375
"519",2022-05-16 20:45:00,0.374
"520",2022-05-16 21:00:00,0.373
"521",2022-05-16 21:15:00,0.375
"522",2022-05-16 21:30:00,0.376
"523",2022-05-16 21:45:00,0.374
"524",2022-05-16 22:00:00,0.373
"525",2022-05-16 22:15:00,0.374
"526",2022-05-16 22:30:00,0.375
"527",2022-05-16 22:45:00,0.375
"528",2022-05-16 23:00:00,0.375
"529",2022-05-16 23:15:00,0.405
"530",2022-05-16 23:30:00,0.531
"531",2022-05-16 23:45:00,0.657
"532",2022-05-17 00:00:00,0.797
"533",2022-05-17 00:15:00,0.92
"534",2022-05-17 00:30:00,1.043
"535",2022-05-17 00:45:00,1.152
"536",2022-05-17 01:00:00,1.255
"537",2022-05-17 01:15:00,1.37
"538",2022-05-17 01:30:00,1.45
"539",2022-05-17 01:45:00,1.517
"540",2022-05-17 02:00:00,1.571
"541",2022-05-17 02:15:00,1.585
"542",2022-05-17 02:30:00,1.581
"543",2022-05-17 02:45:00,1.539
"544",2022-05-17 03:00:00,1.48
"545",2022-05-17 03:15:00,1.402
"546",2022-05-17 03:30:00,1.308
"547",2022-05-17 03:45:00,1.228
"548",2022-05-17 04:00:00,1.129
"549",2022-05-17 04:15:00,1.009
"550",2022-05-17 04:30:00,0.883
"551",2022-05-17 04:45:00,0.768
"552",2022-05-17 05:00:00,0.64
"553",2022-05-17 05:15:00,0.516
"554",2022-05-17 05:30:00,0.396
"555",2022-05-17 05:45:00,0.373
"556",2022-05-17 06:00:00,0.374
"557",2022-05-17 06:15:00,0.375
"558",2022-05-17 06:30:00,0.374
"559",2022-05-17 06:45:00,0.373
"560",2022-05-17 07:00:00,0.376
"561",2022-05-17 07:15:00,0.371
"562",2022-05-17 07:30:00,0.372
"563",2022-05-17 07:45:00,0.375
"564",2022-05-17 08:00:00,0.372
"565",2022-05-17 08:15:00,0.371
"566",2022-05-17 08:30:00,0.374
"567",2022-05-17 08:45:00,0.372
"568",2022-05-17 09:00:00,0.374
"569",2022-05-17 09:15:00,0.373
"570",2022-05-17 09:30:00,0.37
"571",2022-05-17 09:45:00,0.371
"572",2022-05-17 10:00:00,0.372
"573",2022-05-17 10:15:00,0.372
"574",2022-05-17 10:30:00,0.372
"575",2022-05-17 10:45:00,0.371
"576",2022-05-17 11:00:00,0.37
"577",2022-05-17 11:15:00,0.372
"578",2022-05-17 11:30:00,0.373
"579",2022-05-17 11:45:00,0.372
"580",2022-05-17 12:00:00,0.374
"581",2022-05-17 12:15:00,0.373
"582",2022-05-17 12:30:00,0.369
"583",2022-05-17 12:45:00,0.378
"584",2022-05-17 13:00:00,0.496
"585",2022-05-17 13:15:00,0.616
"586",2022-05-17 13:30:00,0.732
"587",2022-05-17 13:45:00,0.826
"588",2022-05-17 14:00:00,0.92
"589",2022-05-17 14:15:00,0.994
"590",2022-05-17 14:30:00,1.061
"591",2022-05-17 14:45:00,1.113
"592",2022-05-17 15:00:00,1.132
"593",2022-05-17 15:15:00,1.131
"594",2022-05-17 15:30:00,1.086
"595",2022-05-17 15:45:00,1.028
"596",2022-05-17 16:00:00,0.944
"597",2022-05-17 16:15:00,0.852
"598",2022-05-17 16:30:00,0.761
"599",2022-05-17 16:45:00,0.663
"600",2022-05-17 17:00:00,0.554
"601",2022-05-17 17:15:00,0.453
"602",2022-05-17 17:30:00,0.372
"603",2022-05-17 17:45:00,0.371
"604",2022-05-17 18:00:00,0.367
"605",2022-05-17 18:15:00,0.373
"606",2022-05-17 18:30:00,0.371
"607",2022-05-17 18:45:00,0.372
"608",2022-05-17 19:00:00,0.371
"609",2022-05-17 19:15:00,0.371
"610",2022-05-17 19:30:00,0.371
"611",2022-05-17 19:45:00,0.372
"612",2022-05-17 20:00:00,0.372
"613",2022-05-17 20:15:00,0.372
"614",2022-05-17 20:30:00,0.372
"615",2022-05-17 20:45:00,0.371
"616",2022-05-17 21:00:00,0.373
"617",2022-05-17 21:15:00,0.373
"618",2022-05-17 21:30:00,0.375
"619",2022-05-17 21:45:00,0.372
"620",2022-05-17 22:00:00,0.373
"621",2022-05-17 22:15:00,0.373
"622",2022-05-17 22:30:00,0.373
"623",2022-05-17 22:45:00,0.37
"624",2022-05-17 23:00:00,0.369
"625",2022-05-17 23:15:00,0.37
"626",2022-05-17 23:30:00,0.372
"627",2022-05-17 23:45:00,0.373
"628",2022-05-18 00:00:00,0.373
"629",2022-05-18 00:15:00,0.376
"630",2022-05-18 00:30:00,0.514
"631",2022-05-18 00:45:00,0.642
"632",2022-05-18 01:00:00,0.773
"633",2022-05-18 01:15:00,0.892
"634",2022-05-18 01:30:00,1.01
"635",2022-05-18 01:45:00,1.111
"636",2022-05-18 02:00:00,1.212
"637",2022-05-18 02:15:00,1.305
"638",2022-05-18 02:30:00,1.381
"639",2022-05-18 02:45:00,1.431
"640",2022-05-18 03:00:00,1.46
"641",2022-05-18 03:15:00,1.453
"642",2022-05-18 03:30:00,1.419
"643",2022-05-18 03:45:00,1.367
"644",2022-05-18 04:00:00,1.294
"645",2022-05-18 04:15:00,1.211
"646",2022-05-18 04:30:00,1.117
"647",2022-05-18 04:45:00,1.01
"648",2022-05-18 05:00:00,0.89
"649",2022-05-18 05:15:00,0.775
"650",2022-05-18 05:30:00,0.651
"651",2022-05-18 05:45:00,0.536
"652",2022-05-18 06:00:00,0.419
"653",2022-05-18 06:15:00,0.375
"654",2022-05-18 06:30:00,0.373
"655",2022-05-18 06:45:00,0.375
"656",2022-05-18 07:00:00,0.371
"657",2022-05-18 07:15:00,0.373
"658",2022-05-18 07:30:00,0.373
"659",2022-05-18 07:45:00,0.373
"660",2022-05-18 08:00:00,0.371
"661",2022-05-18 08:15:00,0.373
"662",2022-05-18 08:30:00,0.374
"663",2022-05-18 08:45:00,0.371
"664",2022-05-18 09:00:00,0.372
"665",2022-05-18 09:15:00,0.371
"666",2022-05-18 09:30:00,0.371
"667",2022-05-18 09:45:00,0.374
"668",2022-05-18 10:00:00,0.372
"669",2022-05-18 10:15:00,0.367
"670",2022-05-18 10:30:00,0.372
"671",2022-05-18 10:45:00,0.374
"672",2022-05-18 11:00:00,0.375
"673",2022-05-18 11:15:00,0.369
"674",2022-05-18 11:30:00,0.371
"675",2022-05-18 11:45:00,0.372
"676",2022-05-18 12:00:00,0.37
"677",2022-05-18 12:15:00,0.375
"678",2022-05-18 12:30:00,0.371
"679",2022-05-18 12:45:00,0.372
"680",2022-05-18 13:00:00,0.372
"681",2022-05-18 13:15:00,0.375
"682",2022-05-18 13:30:00,0.372
"683",2022-05-18 13:45:00,0.373
"684",2022-05-18 14:00:00,0.423
"685",2022-05-18 14:15:00,0.527
"686",2022-05-18 14:30:00,0.646
"687",2022-05-18 14:45:00,0.732
"688",2022-05-18 15:00:00,0.811
"689",2022-05-18 15:15:00,0.888
"690",2022-05-18 15:30:00,0.946
"691",2022-05-18 15:45:00,0.987
"692",2022-05-18 16:00:00,0.992
"693",2022-05-18 16:15:00,0.959
"694",2022-05-18 16:30:00,0.928
"695",2022-05-18 16:45:00,0.857
"696",2022-05-18 17:00:00,0.778
"697",2022-05-18 17:15:00,0.678
"698",2022-05-18 17:30:00,0.589
"699",2022-05-18 17:45:00,0.486
"700",2022-05-18 18:00:00,0.385
"701",2022-05-18 18:15:00,0.372
"702",2022-05-18 18:30:00,0.372
"703",2022-05-18 18:45:00,0.373
"704",2022-05-18 19:00:00,0.372
"705",2022-05-18 19:15:00,0.373
"706",2022-05-18 19:30:00,0.371
"707",2022-05-18 19:45:00,0.372
"708",2022-05-18 20:00:00,0.372
"709",2022-05-18 20:15:00,0.372
"710",2022-05-18 20:30:00,0.372
"711",2022-05-18 20:45:00,0.374
"712",2022-05-18 21:00:00,0.373
"713",2022-05-18 21:15:00,0.375
"714",2022-05-18 21:30:00,0.374
"715",2022-05-18 21:45:00,0.373
"716",2022-05-18 22:00:00,0.372
"717",2022-05-18 22:15:00,0.372
"718",2022-05-18 22:30:00,0.374
"719",2022-05-18 22:45:00,0.372
"720",2022-05-18 23:00:00,0.37
"721",2022-05-18 23:15:00,0.372
"722",2022-05-18 23:30:00,0.372
"723",2022-05-18 23:45:00,0.372
"724",2022-05-19 00:00:00,0.372
"725",2022-05-19 00:15:00,0.371
"726",2022-05-19 00:30:00,0.371
"727",2022-05-19 00:45:00,0.372
"728",2022-05-19 01:00:00,0.371
"729",2022-05-19 01:15:00,0.416
"730",2022-05-19 01:30:00,0.536
"731",2022-05-19 01:45:00,0.666
"732",2022-05-19 02:00:00,0.788
"733",2022-05-19 02:15:00,0.901
"734",2022-05-19 02:30:00,1.012
"735",2022-05-19 02:45:00,1.112
"736",2022-05-19 03:00:00,1.202
"737",2022-05-19 03:15:00,1.29
"738",2022-05-19 03:30:00,1.354
"739",2022-05-19 03:45:00,1.403
"740",2022-05-19 04:00:00,1.417
"741",2022-05-19 04:15:00,1.398
"742",2022-05-19 04:30:00,1.357
"743",2022-05-19 04:45:00,1.303
"744",2022-05-19 05:00:00,1.228
"745",2022-05-19 05:15:00,1.136
"746",2022-05-19 05:30:00,1.043
"747",2022-05-19 05:45:00,0.926
"748",2022-05-19 06:00:00,0.81
"749",2022-05-19 06:15:00,0.696
"750",2022-05-19 06:30:00,0.575
"751",2022-05-19 06:45:00,0.46
"752",2022-05-19 07:00:00,0.374
"753",2022-05-19 07:15:00,0.372
"754",2022-05-19 07:30:00,0.373
"755",2022-05-19 07:45:00,0.373
"756",2022-05-19 08:00:00,0.372
"757",2022-05-19 08:15:00,0.373
"758",2022-05-19 08:30:00,0.374
"759",2022-05-19 08:45:00,0.371
"760",2022-05-19 09:00:00,0.373
"761",2022-05-19 09:15:00,0.373
"762",2022-05-19 09:30:00,0.374
"763",2022-05-19 09:45:00,0.371
"764",2022-05-19 10:00:00,0.372
"765",2022-05-19 10:15:00,0.374
"766",2022-05-19 10:30:00,0.375
"767",2022-05-19 10:45:00,0.374
"768",2022-05-19 11:00:00,0.374
"769",2022-05-19 11:15:00,0.374
"770",2022-05-19 11:30:00,0.373
"771",2022-05-19 11:45:00,0.372
"772",2022-05-19 12:00:00,0.373
"773",2022-05-19 12:15:00,0.372
"774",2022-05-19 12:30:00,0.373
"775",2022-05-19 12:45:00,0.37
"776",2022-05-19 13:00:00,0.372
"777",2022-05-19 13:15:00,0.373
"778",2022-05-19 13:30:00,0.369
"779",2022-05-19 13:45:00,0.372
"780",2022-05-19 14:00:00,0.372
"781",2022-05-19 14:15:00,0.37
"782",2022-05-19 14:30:00,0.372
"783",2022-05-19 14:45:00,0.41
"784",2022-05-19 15:00:00,0.526
"785",2022-05-19 15:15:00,0.638
"786",2022-05-19 15:30:00,0.737
"787",2022-05-19 15:45:00,0.83
"788",2022-05-19 16:00:00,0.906
"789",2022-05-19 16:15:00,0.977
"790",2022-05-19 16:30:00,1.026
"791",2022-05-19 16:45:00,1.049
"792",2022-05-19 17:00:00,1.051
"793",2022-05-19 17:15:00,1.019
"794",2022-05-19 17:30:00,0.974
"795",2022-05-19 17:45:00,0.896
"796",2022-05-19 18:00:00,0.819
"797",2022-05-19 18:15:00,0.732
"798",2022-05-19 18:30:00,0.632
"799",2022-05-19 18:45:00,0.539
"800",2022-05-19 19:00:00,0.436
"801",2022-05-19 19:15:00,0.374
"802",2022-05-19 19:30:00,0.374
"803",2022-05-19 19:45:00,0.375
"804",2022-05-19 20:00:00,0.375
"805",2022-05-19 20:15:00,0.375
"806",2022-05-19 20:30:00,0.376
"807",2022-05-19 20:45:00,0.374
"808",2022-05-19 21:00:00,0.375
"809",2022-05-19 21:15:00,0.374
"810",2022-05-19 21:30:00,0.374
"811",2022-05-19 21:45:00,0.376
"812",2022-05-19 22:00:00,0.374
"813",2022-05-19 22:15:00,0.374
"814",2022-05-19 22:30:00,0.376
"815",2022-05-19 22:45:00,0.374
"816",2022-05-19 23:00:00,0.373
"817",2022-05-19 23:15:00,0.373
"818",2022-05-19 23:30:00,0.374
"819",2022-05-19 23:45:00,0.374
"820",2022-05-20 00:00:00,0.373
"821",2022-05-20 00:15:00,0.373
"822",2022-05-20 00:30:00,0.374
"823",2022-05-20 00:45:00,0.374
"824",2022-05-20 01:00:00,0.374
"825",2022-05-20 01:15:00,0.374
"826",2022-05-20 01:30:00,0.374
"827",2022-05-20 01:45:00,0.376
"828",2022-05-20 02:00:00,0.393
"829",2022-05-20 02:15:00,0.512
"830",2022-05-20 02:30:00,0.636
"831",2022-05-20 02:45:00,0.756
"832",2022-05-20 03:00:00,0.873
"833",2022-05-20 03:15:00,0.984
"834",2022-05-20 03:30:00,1.087
"835",2022-05-20 03:45:00,1.178
"836",2022-05-20 04:00:00,1.261
"837",2022-05-20 04:15:00,1.339
"838",2022-05-20 04:30:00,1.392
"839",2022-05-20 04:45:00,1.426
"840",2022-05-20 05:00:00,1.427
"841",2022-05-20 05:15:00,1.402
"842",2022-05-20 05:30:00,1.352
"843",2022-05-20 05:45:00,1.293
"844",2022-05-20 06:00:00,1.212
"845",2022-05-20 06:15:00,1.126
"846",2022-05-20 06:30:00,1.032
"847",2022-05-20 06:45:00,0.914
"848",2022-05-20 07:00:00,0.802
"849",2022-05-20 07:15:00,0.685
"850",2022-05-20 07:30:00,0.571
"851",2022-05-20 07:45:00,0.46
"852",2022-05-20 08:00:00,0.37
"853",2022-05-20 08:15:00,0.369
"854",2022-05-20 08:30:00,0.37
"855",2022-05-20 08:45:00,0.368
"856",2022-05-20 09:00:00,0.37
"857",2022-05-20 09:15:00,0.369
"858",2022-05-20 09:30:00,0.372
"859",2022-05-20 09:45:00,0.372
"860",2022-05-20 10:00:00,0.373
"861",2022-05-20 10:15:00,0.369
"862",2022-05-20 10:30:00,0.373
"863",2022-05-20 10:45:00,0.37
"864",2022-05-20 11:00:00,0.371
"865",2022-05-20 11:15:00,0.373
"866",2022-05-20 11:30:00,0.372
"867",2022-05-20 11:45:00,0.372
"868",2022-05-20 12:00:00,0.373
"869",2022-05-20 12:15:00,0.373
"870",2022-05-20 12:30:00,0.372
"871",2022-05-20 12:45:00,0.373
"872",2022-05-20 13:00:00,0.375
"873",2022-05-20 13:15:00,0.371
"874",2022-05-20 13:30:00,0.374
"875",2022-05-20 13:45:00,0.374
"876",2022-05-20 14:00:00,0.373
"877",2022-05-20 14:15:00,0.371
"878",2022-05-20 14:30:00,0.37
"879",2022-05-20 14:45:00,0.372
"880",2022-05-20 15:00:00,0.37
"881",2022-05-20 15:15:00,0.369
"882",2022-05-20 15:30:00,0.371
"883",2022-05-20 15:45:00,0.436
"884",2022-05-20 16:00:00,0.54
"885",2022-05-20 16:15:00,0.641
"886",2022-05-20 16:30:00,0.735
"887",2022-05-20 16:45:00,0.819
"888",2022-05-20 17:00:00,0.888
"889",2022-05-20 17:15:00,0.955
"890",2022-05-20 17:30:00,0.994
"891",2022-05-20 17:45:00,1.019
"892",2022-05-20 18:00:00,1.007
"893",2022-05-20 18:15:00,0.973
"894",2022-05-20 18:30:00,0.925
"895",2022-05-20 18:45:00,0.852
"896",2022-05-20 19:00:00,0.77
"897",2022-05-20 19:15:00,0.691
"898",2022-05-20 19:30:00,0.593
"899",2022-05-20 19:45:00,0.492
"900",2022-05-20 20:00:00,0.391
"901",2022-05-20 20:15:00,0.372
"902",2022-05-20 20:30:00,0.371
"903",2022-05-20 20:45:00,0.371
"904",2022-05-20 21:00:00,0.369
"905",2022-05-20 21:15:00,0.369
"906",2022-05-20 21:30:00,0.37
"907",2022-05-20 21:45:00,0.368
"908",2022-05-20 22:00:00,0.368
"909",2022-05-20 22:15:00,0.369
"910",2022-05-20 22:30:00,0.368
"911",2022-05-20 22:45:00,0.37
"912",2022-05-20 23:00:00,0.369
"913",2022-05-20 23:15:00,0.369
"914",2022-05-20 23:30:00,0.369
"915",2022-05-20 23:45:00,0.37
"916",2022-05-21 00:00:00,0.368
"917",2022-05-21 00:15:00,0.37
"918",2022-05-21 00:30:00,0.368
"919",2022-05-21 00:45:00,0.367
"920",2022-05-21 01:00:00,0.368
"921",2022-05-21 01:15:00,0.365
"922",2022-05-21 01:30:00,0.367
"923",2022-05-21 01:45:00,0.368
"924",2022-05-21 02:00:00,0.367
"925",2022-05-21 02:15:00,0.368
"926",2022-05-21 02:30:00,0.367
"927",2022-05-21 02:45:00,0.368
"928",2022-05-21 03:00:00,0.366
"929",2022-05-21 03:15:00,0.46
"930",2022-05-21 03:30:00,0.575
"931",2022-05-21 03:45:00,0.694
"932",2022-05-21 04:00:00,0.815
"933",2022-05-21 04:15:00,0.917
"934",2022-05-21 04:30:00,1.022
"935",2022-05-21 04:45:00,1.113
"936",2022-05-21 05:00:00,1.194
"937",2022-05-21 05:15:00,1.266
"938",2022-05-21 05:30:00,1.318
"939",2022-05-21 05:45:00,1.356
"940",2022-05-21 06:00:00,1.362
"941",2022-05-21 06:15:00,1.333
"942",2022-05-21 06:30:00,1.292
"943",2022-05-21 06:45:00,1.234
"944",2022-05-21 07:00:00,1.155
"945",2022-05-21 07:15:00,1.066
"946",2022-05-21 07:30:00,0.967
"947",2022-05-21 07:45:00,0.857
"948",2022-05-21 08:00:00,0.746
"949",2022-05-21 08:15:00,0.639
"950",2022-05-21 08:30:00,0.525
"951",2022-05-21 08:45:00,0.412
"952",2022-05-21 09:00:00,0.369
"953",2022-05-21 09:15:00,0.371
"954",2022-05-21 09:30:00,0.37
"955",2022-05-21 09:45:00,0.367
"956",2022-05-21 10:00:00,0.365
"957",2022-05-21 10:15:00,0.368
"958",2022-05-21 10:30:00,0.368
"959",2022-05-21 10:45:00,0.367
"960",2022-05-21 11:00:00,0.37
"961",2022-05-21 11:15:00,0.371
"962",2022-05-21 11:30:00,0.369
"963",2022-05-21 11:45:00,0.367
"964",2022-05-21 12:00:00,0.37
"965",2022-05-21 12:15:00,0.364
"966",2022-05-21 12:30:00,0.369
"967",2022-05-21 12:45:00,0.369
"968",2022-05-21 13:00:00,0.368
"969",2022-05-21 13:15:00,0.367
"970",2022-05-21 13:30:00,0.367
"971",2022-05-21 13:45:00,0.37
"972",2022-05-21 14:00:00,0.367
"973",2022-05-21 14:15:00,0.368
"974",2022-05-21 14:30:00,0.367
"975",2022-05-21 14:45:00,0.366
"976",2022-05-21 15:00:00,0.367
"977",2022-05-21 15:15:00,0.369
"978",2022-05-21 15:30:00,0.367
"979",2022-05-21 15:45:00,0.368
"980",2022-05-21 16:00:00,0.365
"981",2022-05-21 16:15:00,0.366
"982",2022-05-21 16:30:00,0.366
"983",2022-05-21 16:45:00,0.393
"984",2022-05-21 17:00:00,0.499
"985",2022-05-21 17:15:00,0.596
"986",2022-05-21 17:30:00,0.694
"987",2022-05-21 17:45:00,0.767
"988",2022-05-21 18:00:00,0.847
"989",2022-05-21 18:15:00,0.898
"990",2022-05-21 18:30:00,0.946
"991",2022-05-21 18:45:00,0.959
"992",2022-05-21 19:00:00,0.96
"993",2022-05-21 19:15:00,0.93
"994",2022-05-21 19:30:00,0.882
"995",2022-05-21 19:45:00,0.817
"996",2022-05-21 20:00:00,0.744
"997",2022-05-21 20:15:00,0.661
"998",2022-05-21 20:30:00,0.569
"999",2022-05-21 20:45:00,0.472
"1000",2022-05-21 21:00:00,0.374
"1001",2022-05-21 21:15:00,0.367
"1002",2022-05-21 21:30:00,0.37
"1003",2022-05-21 21:45:00,0.371
"1004",2022-05-21 22:00:00,0.368
"1005",2022-05-21 22:15:00,0.37
"1006",2022-05-21 22:30:00,0.37
"1007",2022-05-21 22:45:00,0.369
"1008",2022-05-21 23:00:00,0.371
"1009",2022-05-21 23:15:00,0.369
"1010",2022-05-21 23:30:00,0.368
"1011",2022-05-21 23:45:00,0.37
"1012",2022-05-22 00:00:00,0.369
"1013",2022-05-22 00:15:00,0.37
"1014",2022-05-22 00:30:00,0.368
"1015",2022-05-22 00:45:00,0.369
"1016",2022-05-22 01:00:00,0.368
"1017",2022-05-22 01:15:00,0.368
"1018",2022-05-22 01:30:00,0.37
"1019",2022-05-22 01:45:00,0.369
"1020",2022-05-22 02:00:00,0.368
"1021",2022-05-22 02:15:00,0.368
"1022",2022-05-22 02:30:00,0.37
"1023",2022-05-22 02:45:00,0.369
"1024",2022-05-22 03:00:00,0.368
"1025",2022-05-22 03:15:00,0.367
"1026",2022-05-22 03:30:00,0.366
"1027",2022-05-22 03:45:00,0.366
"1028",2022-05-22 04:00:00,0.37
"1029",2022-05-22 04:15:00,0.377
"1030",2022-05-22 04:30:00,0.488
"1031",2022-05-22 04:45:00,0.599
"1032",2022-05-22 05:00:00,0.711
"1033",2022-05-22 05:15:00,0.816
"1034",2022-05-22 05:30:00,0.911
"1035",2022-05-22 05:45:00,0.999
"1036",2022-05-22 06:00:00,1.078
"1037",2022-05-22 06:15:00,1.146
"1038",2022-05-22 06:30:00,1.198
"1039",2022-05-22 06:45:00,1.241
"1040",2022-05-22 07:00:00,1.247
"1041",2022-05-22 07:15:00,1.24
"1042",2022-05-22 07:30:00,1.191
"1043",2022-05-22 07:45:00,1.138
"1044",2022-05-22 08:00:00,1.076
"1045",2022-05-22 08:15:00,0.975
"1046",2022-05-22 08:30:00,0.891
"1047",2022-05-22 08:45:00,0.788
"1048",2022-05-22 09:00:00,0.678
"1049",2022-05-22 09:15:00,0.573
"1050",2022-05-22 09:30:00,0.469
"1051",2022-05-22 09:45:00,0.37
"1052",2022-05-22 10:00:00,0.367
"1053",2022-05-22 10:15:00,0.367
"1054",2022-05-22 10:30:00,0.365
"1055",2022-05-22 10:45:00,0.366
"1056",2022-05-22 11:00:00,0.366
"1057",2022-05-22 11:15:00,0.367
"1058",2022-05-22 11:30:00,0.365
"1059",2022-05-22 11:45:00,0.367
"1060",2022-05-22 12:00:00,0.365
"1061",2022-05-22 12:15:00,0.367
"1062",2022-05-22 12:30:00,0.368
"1063",2022-05-22 12:45:00,0.368
"1064",2022-05-22 13:00:00,0.368
"1065",2022-05-22 13:15:00,0.365
"1066",2022-05-22 13:30:00,0.368
"1067",2022-05-22 13:45:00,0.368
"1068",2022-05-22 14:00:00,0.367
"1069",2022-05-22 14:15:00,0.368
"1070",2022-05-22 14:30:00,0.367
"1071",2022-05-22 14:45:00,0.367
"1072",2022-05-22 15:00:00,0.37
"1073",2022-05-22 15:15:00,0.375
"1074",2022-05-22 15:30:00,0.373
"1075",2022-05-22 15:45:00,0.375
"1076",2022-05-22 16:00:00,0.37
"1077",2022-05-22 16:15:00,0.371
"1078",2022-05-22 16:30:00,0.373
"1079",2022-05-22 16:45:00,0.371
"1080",2022-05-22 17:00:00,0.372
"1081",2022-05-22 17:15:00,0.373
"1082",2022-05-22 17:30:00,0.373
"1083",2022-05-22 17:45:00,0.432
"1084",2022-05-22 18:00:00,0.523
"1085",2022-05-22 18:15:00,0.63
"1086",2022-05-22 18:30:00,0.722
"1087",2022-05-22 18:45:00,0.807
"1088",2022-05-22 19:00:00,0.871
"1089",2022-05-22 19:15:00,0.939
"1090",2022-05-22 19:30:00,0.982
"1091",2022-05-22 19:45:00,1.013
"1092",2022-05-22 20:00:00,1.019
"1093",2022-05-22 20:15:00,1.003
"1094",2022-05-22 20:30:00,0.951
"1095",2022-05-22 20:45:00,0.895
"1096",2022-05-22 21:00:00,0.821
"1097",2022-05-22 21:15:00,0.742
"1098",2022-05-22 21:30:00,0.656
"1099",2022-05-22 21:45:00,0.558
"1100",2022-05-22 22:00:00,0.459
"1101",2022-05-22 22:15:00,0.375
"1102",2022-05-22 22:30:00,0.37
"1103",2022-05-22 22:45:00,0.372
"1104",2022-05-22 23:00:00,0.372
"1105",2022-05-22 23:15:00,0.371
"1106",2022-05-22 23:30:00,0.372
"1107",2022-05-22 23:45:00,0.371
"1108",2022-05-23 00:00:00,0.373
"1109",2022-05-23 00:15:00,0.373
"1110",2022-05-23 00:30:00,0.372
"1111",2022-05-23 00:45:00,0.371
"1112",2022-05-23 01:00:00,0.372
"1113",2022-05-23 01:15:00,0.371
"1114",2022-05-23 01:30:00,0.37
"1115",2022-05-23 01:45:00,0.374
"1116",2022-05-23 02:00:00,0.372
"1117",2022-05-23 02:15:00,0.372
"1118",2022-05-23 02:30:00,0.373
"1119",2022-05-23 02:45:00,0.372
"1120",2022-05-23 03:00:00,0.372
"1121",2022-05-23 03:15:00,0.372
"1122",2022-05-23 03:30:00,0.374
"1123",2022-05-23 03:45:00,0.373
"1124",2022-05-23 04:00:00,0.372
"1125",2022-05-23 04:15:00,0.37
"1126",2022-05-23 04:30:00,0.371
"1127",2022-05-23 04:45:00,0.371
"1128",2022-05-23 05:00:00,0.372
"1129",2022-05-23 05:15:00,0.371
"1130",2022-05-23 05:30:00,0.385
"1131",2022-05-23 05:45:00,0.48
"1132",2022-05-23 06:00:00,0.595
"1133",2022-05-23 06:15:00,0.683
"1134",2022-05-23 06:30:00,0.784
"1135",2022-05-23 06:45:00,0.866
"1136",2022-05-23 07:00:00,0.94
"1137",2022-05-23 07:15:00,1.011
"1138",2022-05-23 07:30:00,1.064
"1139",2022-05-23 07:45:00,1.095
"1140",2022-05-23 08:00:00,1.12
"1141",2022-05-23 08:15:00,1.107
"1142",2022-05-23 08:30:00,1.072
"1143",2022-05-23 08:45:00,1.025
"1144",2022-05-23 09:00:00,0.952
"1145",2022-05-23 09:15:00,0.871
"1146",2022-05-23 09:30:00,0.789
"1147",2022-05-23 09:45:00,0.694
"1148",2022-05-23 10:00:00,0.586
"1149",2022-05-23 10:15:00,0.49
"1150",2022-05-23 10:30:00,0.384
"1151",2022-05-23 10:45:00,0.374
"1152",2022-05-23 11:00:00,0.372
"1153",2022-05-23 11:15:00,0.376
"1154",2022-05-23 11:30:00,0.372
"1155",2022-05-23 11:45:00,0.372
"1156",2022-05-23 12:00:00,0.373
"1157",2022-05-23 12:15:00,0.373
"1158",2022-05-23 12:30:00,0.371
"1159",2022-05-23 12:45:00,0.375
"1160",2022-05-23 13:00:00,0.371
"1161",2022-05-23 13:15:00,0.371
"1162",2022-05-23 13:30:00,0.37
"1163",2022-05-23 13:45:00,0.371
"1164",2022-05-23 14:00:00,0.371
"1165",2022-05-23 14:15:00,0.373
"1166",2022-05-23 14:30:00,0.372
"1167",2022-05-23 14:45:00,0.372
"1168",2022-05-23 15:00:00,0.371
"1169",2022-05-23 15:15:00,0.374
"1170",2022-05-23 15:30:00,0.373
"1171",2022-05-23 15:45:00,0.373
"1172",2022-05-23 16:00:00,0.371
"1173",2022-05-23 16:15:00,0.371
"1174",2022-05-23 16:30:00,0.371
"1175",2022-05-23 16:45:00,0.371
"1176",2022-05-23 17:00:00,0.371
"1177",2022-05-23 17:15:00,0.372
"1178",2022-05-23 17:30:00,0.369
"1179",2022-05-23 17:45:00,0.368
"1180",2022-05-23 18:00:00,0.368
"1181",2022-05-23 18:15:00,0.37
"1182",2022-05-23 18:30:00,0.37
"1183",2022-05-23 18:45:00,0.37
"1184",2022-05-23 19:00:00,0.449
"1185",2022-05-23 19:15:00,0.546
"1186",2022-05-23 19:30:00,0.633
"1187",2022-05-23 19:45:00,0.713
"1188",2022-05-23 20:00:00,0.792
"1189",2022-05-23 20:15:00,0.851
"1190",2022-05-23 20:30:00,0.899
"1191",2022-05-23 20:45:00,0.931
"1192",2022-05-23 21:00:00,0.94
"1193",2022-05-23 21:15:00,0.919
"1194",2022-05-23 21:30:00,0.883
"1195",2022-05-23 21:45:00,0.823
"1196",2022-05-23 22:00:00,0.756
"1197",2022-05-23 22:15:00,0.673
"1198",2022-05-23 22:30:00,0.594
"1199",2022-05-23 22:45:00,0.502
"1200",2022-05-23 23:00:00,0.398
"1201",2022-05-23 23:15:00,0.365
"1202",2022-05-23 23:30:00,0.369
"1203",2022-05-23 23:45:00,0.367
"1204",2022-05-24 00:00:00,0.366
"1205",2022-05-24 00:15:00,0.365
"1206",2022-05-24 00:30:00,0.364
"1207",2022-05-24 00:45:00,0.367
"1208",2022-05-24 01:00:00,0.366
"1209",2022-05-24 01:15:00,0.365
"1210",2022-05-24 01:30:00,0.365
"1211",2022-05-24 01:45:00,0.364
"1212",2022-05-24 02:00:00,0.366
"1213",2022-05-24 02:15:00,0.366
"1214",2022-05-24 02:30:00,0.367
"1215",2022-05-24 02:45:00,0.366
"1216",2022-05-24 03:00:00,0.367
"1217",2022-05-24 03:15:00,0.366
"1218",2022-05-24 03:30:00,0.368
"1219",2022-05-24 03:45:00,0.367
"1220",2022-05-24 04:00:00,0.366
"1221",2022-05-24 04:15:00,0.366
"1222",2022-05-24 04:30:00,0.367
"1223",2022-05-24 04:45:00,0.366
"1224",2022-05-24 05:00:00,0.367
"1225",2022-05-24 05:15:00,0.366
"1226",2022-05-24 05:30:00,0.365
"1227",2022-05-24 05:45:00,0.367
"1228",2022-05-24 06:00:00,0.366
"1229",2022-05-24 06:15:00,0.366
"1230",2022-05-24 06:30:00,0.367
"1231",2022-05-24 06:45:00,0.366
"1232",2022-05-24 07:00:00,0.43
"1233",2022-05-24 07:15:00,0.527
"1234",2022-05-24 07:30:00,0.625
"1235",2022-05-24 07:45:00,0.713
"1236",2022-05-24 08:00:00,0.796
"1237",2022-05-24 08:15:00,0.863
"1238",2022-05-24 08:30:00,0.925
"1239",2022-05-24 08:45:00,0.966
"1240",2022-05-24 09:00:00,0.989
"1241",2022-05-24 09:15:00,0.988
"1242",2022-05-24 09:30:00,0.961
"1243",2022-05-24 09:45:00,0.92
"1244",2022-05-24 10:00:00,0.854
"1245",2022-05-24 10:15:00,0.778
"1246",2022-05-24 10:30:00,0.699
"1247",2022-05-24 10:45:00,0.613
"1248",2022-05-24 11:00:00,0.52
"1249",2022-05-24 11:15:00,0.421
"1250",2022-05-24 11:30:00,0.365
"1251",2022-05-24 11:45:00,0.366
"1252",2022-05-24 12:00:00,0.366
"1253",2022-05-24 12:15:00,0.368
"1254",2022-05-24 12:30:00,0.368
"1255",2022-05-24 12:45:00,0.368
"1256",2022-05-24 13:00:00,0.37
"1257",2022-05-24 13:15:00,0.369
"1258",2022-05-24 13:30:00,0.367
"1259",2022-05-24 13:45:00,0.368
"1260",2022-05-24 14:00:00,0.367
"1261",2022-05-24 14:15:00,0.368
"1262",2022-05-24 14:30:00,0.368
"1263",2022-05-24 14:45:00,0.369
"1264",2022-05-24 15:00:00,0.368
"1265",2022-05-24 15:15:00,0.368
"1266",2022-05-24 15:30:00,0.369
"1267",2022-05-24 15:45:00,0.367
"1268",2022-05-24 16:00:00,0.367
"1269",2022-05-24 16:15:00,0.37
"1270",2022-05-24 16:30:00,0.368
"1271",2022-05-24 16:45:00,0.367
"1272",2022-05-24 17:00:00,0.366
"1273",2022-05-24 17:15:00,0.367
"1274",2022-05-24 17:30:00,0.366
"1275",2022-05-24 17:45:00,0.366
"1276",2022-05-24 18:00:00,0.366
"1277",2022-05-24 18:15:00,0.366
"1278",2022-05-24 18:30:00,0.364
"1279",2022-05-24 18:45:00,0.367
"1280",2022-05-24 19:00:00,0.365
"1281",2022-05-24 19:15:00,0.366
"1282",2022-05-24 19:30:00,0.366
"1283",2022-05-24 19:45:00,0.374
"1284",2022-05-24 20:00:00,0.472
"1285",2022-05-24 20:15:00,0.571
"1286",2022-05-24 20:30:00,0.654
"1287",2022-05-24 20:45:00,0.738
"1288",2022-05-24 21:00:00,0.81
"1289",2022-05-24 21:15:00,0.875
"1290",2022-05-24 21:30:00,0.914
"1291",2022-05-24 21:45:00,0.939
"1292",2022-05-24 22:00:00,0.947
"1293",2022-05-24 22:15:00,0.926
"1294",2022-05-24 22:30:00,0.885
"1295",2022-05-24 22:45:00,0.825
"1296",2022-05-24 23:00:00,0.752
"1297",2022-05-24 23:15:00,0.668
"1298",2022-05-24 23:30:00,0.587
"1299",2022-05-24 23:45:00,0.499
"1300",2022-05-25 00:00:00,0.396
"1301",2022-05-25 00:15:00,0.365
"1302",2022-05-25 00:30:00,0.366
"1303",2022-05-25 00:45:00,0.366
"1304",2022-05-25 01:00:00,0.364
"1305",2022-05-25 01:15:00,0.365
"1306",2022-05-25 01:30:00,0.365
"1307",2022-05-25 01:45:00,0.367
"1308",2022-05-25 02:00:00,0.367
"1309",2022-05-25 02:15:00,0.368
"1310",2022-05-25 02:30:00,0.367
"1311",2022-05-25 02:45:00,0.365
"1312",2022-05-25 03:00:00,0.367
"1313",2022-05-25 03:15:00,0.367
"1314",2022-05-25 03:30:00,0.367
"1315",2022-05-25 03:45:00,0.365
"1316",2022-05-25 04:00:00,0.367
"1317",2022-05-25 04:15:00,0.365
"1318",2022-05-25 04:30:00,0.366
"1319",2022-05-25 04:45:00,0.365
"1320",2022-05-25 05:00:00,0.366
"1321",2022-05-25 05:15:00,0.369
"1322",2022-05-25 05:30:00,0.367
"1323",2022-05-25 05:45:00,0.365
"1324",2022-05-25 06:00:00,0.366
"1325",2022-05-25 06:15:00,0.367
"1326",2022-05-25 06:30:00,0.367
"1327",2022-05-25 06:45:00,0.367
"1328",2022-05-25 07:00:00,0.367
"1329",2022-05-25 07:15:00,0.369
"1330",2022-05-25 07:30:00,0.367
"1331",2022-05-25 07:45:00,0.367
"1332",2022-05-25 08:00:00,0.369
"1333",2022-05-25 08:15:00,0.451
"1334",2022-05-25 08:30:00,0.546
"1335",2022-05-25 08:45:00,0.636
"1336",2022-05-25 09:00:00,0.713
"1337",2022-05-25 09:15:00,0.783
"1338",2022-05-25 09:30:00,0.847
"1339",2022-05-25 09:45:00,0.886
"1340",2022-05-25 10:00:00,0.924
"1341",2022-05-25 10:15:00,0.928
"1342",2022-05-25 10:30:00,0.913
"1343",2022-05-25 10:45:00,0.874
"1344",2022-05-25 11:00:00,0.815
"1345",2022-05-25 11:15:00,0.743
"1346",2022-05-25 11:30:00,0.663
"1347",2022-05-25 11:45:00,0.581
"1348",2022-05-25 12:00:00,0.482
"1349",2022-05-25 12:15:00,0.388
"1350",2022-05-25 12:30:00,0.364
"1351",2022-05-25 12:45:00,0.365
"1352",2022-05-25 13:00:00,0.367
"1353",2022-05-25 13:15:00,0.368
"1354",2022-05-25 13:30:00,0.369
"1355",2022-05-25 13:45:00,0.368
"1356",2022-05-25 14:00:00,0.369
"1357",2022-05-25 14:15:00,0.367
"1358",2022-05-25 14:30:00,0.368
"1359",2022-05-25 14:45:00,0.37
"1360",2022-05-25 15:00:00,0.368
"1361",2022-05-25 15:15:00,0.37
"1362",2022-05-25 15:30:00,0.37
"1363",2022-05-25 15:45:00,0.367
"1364",2022-05-25 16:00:00,0.366
"1365",2022-05-25 16:15:00,0.369
"1366",2022-05-25 16:30:00,0.365
"1367",2022-05-25 16:45:00,0.366
"1368",2022-05-25 17:00:00,0.364
"1369",2022-05-25 17:15:00,0.365
"1370",2022-05-25 17:30:00,0.365
"1371",2022-05-25 17:45:00,0.364
"1372",2022-05-25 18:00:00,0.365
"1373",2022-05-25 18:15:00,0.364
"1374",2022-05-25 18:30:00,0.365
"1375",2022-05-25 18:45:00,0.365
"1376",2022-05-25 19:00:00,0.366
"1377",2022-05-25 19:15:00,0.365
"1378",2022-05-25 19:30:00,0.366
"1379",2022-05-25 19:45:00,0.366
"1380",2022-05-25 20:00:00,0.363
"1381",2022-05-25 20:15:00,0.365
"1382",2022-05-25 20:30:00,0.365
"1383",2022-05-25 20:45:00,0.41
"1384",2022-05-25 21:00:00,0.505
"1385",2022-05-25 21:15:00,0.595
"1386",2022-05-25 21:30:00,0.685
"1387",2022-05-25 21:45:00,0.762
"1388",2022-05-25 22:00:00,0.834
"1389",2022-05-25 22:15:00,0.893
"1390",2022-05-25 22:30:00,0.932
"1391",2022-05-25 22:45:00,0.949
"1392",2022-05-25 23:00:00,0.947
"1393",2022-05-25 23:15:00,0.919
"1394",2022-05-25 23:30:00,0.868
"1395",2022-05-25 23:45:00,0.806
"1396",2022-05-26 00:00:00,0.727
"1397",2022-05-26 00:15:00,0.638
"1398",2022-05-26 00:30:00,0.559
"1399",2022-05-26 00:45:00,0.461
"1400",2022-05-26 01:00:00,0.367
"1401",2022-05-26 01:15:00,0.365
"1402",2022-05-26 01:30:00,0.367
"1403",2022-05-26 01:45:00,0.364
"1404",2022-05-26 02:00:00,0.365
"1405",2022-05-26 02:15:00,0.365
"1406",2022-05-26 02:30:00,0.366
"1407",2022-05-26 02:45:00,0.367
"1408",2022-05-26 03:00:00,0.366
"1409",2022-05-26 03:15:00,0.365
"1410",2022-05-26 03:30:00,0.366
"1411",2022-05-26 03:45:00,0.365
"1412",2022-05-26 04:00:00,0.366
"1413",2022-05-26 04:15:00,0.367
"1414",2022-05-26 04:30:00,0.368
"1415",2022-05-26 04:45:00,0.366
"1416",2022-05-26 05:00:00,0.367
"1417",2022-05-26 05:15:00,0.369
"1418",2022-05-26 05:30:00,0.365
"1419",2022-05-26 05:45:00,0.366
"1420",2022-05-26 06:00:00,0.368
"1421",2022-05-26 06:15:00,0.365
"1422",2022-05-26 06:30:00,0.366
"1423",2022-05-26 06:45:00,0.367
"1424",2022-05-26 07:00:00,0.366
"1425",2022-05-26 07:15:00,0.367
"1426",2022-05-26 07:30:00,0.368
"1427",2022-05-26 07:45:00,0.365
"1428",2022-05-26 08:00:00,0.364
"1429",2022-05-26 08:15:00,0.366
"1430",2022-05-26 08:30:00,0.364
"1431",2022-05-26 08:45:00,0.368
"1432",2022-05-26 09:00:00,0.364
"1433",2022-05-26 09:15:00,0.372
"1434",2022-05-26 09:30:00,0.465
"1435",2022-05-26 09:45:00,0.555
"1436",2022-05-26 10:00:00,0.636
"1437",2022-05-26 10:15:00,0.705
"1438",2022-05-26 10:30:00,0.761
"1439",2022-05-26 10:45:00,0.814
"1440",2022-05-26 11:00:00,0.85
"1441",2022-05-26 11:15:00,0.851
"1442",2022-05-26 11:30:00,0.835
"1443",2022-05-26 11:45:00,0.792
"1444",2022-05-26 12:00:00,0.732
"1445",2022-05-26 12:15:00,0.668
"1446",2022-05-26 12:30:00,0.58
"1447",2022-05-26 12:45:00,0.506
"1448",2022-05-26 13:00:00,0.416
"1449",2022-05-26 13:15:00,0.365
"1450",2022-05-26 13:30:00,0.366
"1451",2022-05-26 13:45:00,0.365
"1452",2022-05-26 14:00:00,0.367
"1453",2022-05-26 14:15:00,0.366
"1454",2022-05-26 14:30:00,0.365
"1455",2022-05-26 14:45:00,0.369
"1456",2022-05-26 15:00:00,0.369
"1457",2022-05-26 15:15:00,0.368
"1458",2022-05-26 15:30:00,0.368
"1459",2022-05-26 15:45:00,0.37
"1460",2022-05-26 16:00:00,0.369
"1461",2022-05-26 16:15:00,0.364
"1462",2022-05-26 16:30:00,0.369
"1463",2022-05-26 16:45:00,0.366
"1464",2022-05-26 17:00:00,0.366
"1465",2022-05-26 17:15:00,0.367
"1466",2022-05-26 17:30:00,0.365
"1467",2022-05-26 17:45:00,0.368
"1468",2022-05-26 18:00:00,0.365
"1469",2022-05-26 18:15:00,0.368
"1470",2022-05-26 18:30:00,0.368
"1471",2022-05-26 18:45:00,0.368
"1472",2022-05-26 19:00:00,0.366
"1473",2022-05-26 19:15:00,0.366
"1474",2022-05-26 19:30:00,0.366
"1475",2022-05-26 19:45:00,0.366
"1476",2022-05-26 20:00:00,0.364
"1477",2022-05-26 20:15:00,0.367
"1478",2022-05-26 20:30:00,0.365
"1479",2022-05-26 20:45:00,0.367
"1480",2022-05-26 21:00:00,0.365
"1481",2022-05-26 21:15:00,0.367
"1482",2022-05-26 21:30:00,0.46
"1483",2022-05-26 21:45:00,0.564
"1484",2022-05-26 22:00:00,0.672
"1485",2022-05-26 22:15:00,0.751
"1486",2022-05-26 22:30:00,0.832
"1487",2022-05-26 22:45:00,0.901
"1488",2022-05-26 23:00:00,0.964
"1489",2022-05-26 23:15:00,1.004
"1490",2022-05-26 23:30:00,1.026
"1491",2022-05-26 23:45:00,1.03
"1492",2022-05-27 00:00:00,0.998
"1493",2022-05-27 00:15:00,0.953
"1494",2022-05-27 00:30:00,0.889
"1495",2022-05-27 00:45:00,0.815
"1496",2022-05-27 01:00:00,0.732
"1497",2022-05-27 01:15:00,0.643
"1498",2022-05-27 01:30:00,0.547
"1499",2022-05-27 01:45:00,0.445
"1500",2022-05-27 02:00:00,0.37
"1501",2022-05-27 02:15:00,0.368
"1502",2022-05-27 02:30:00,0.369
"1503",2022-05-27 02:45:00,0.369
"1504",2022-05-27 03:00:00,0.37
"1505",2022-05-27 03:15:00,0.368
"1506",2022-05-27 03:30:00,0.37
"1507",2022-05-27 03:45:00,0.367
"1508",2022-05-27 04:00:00,0.37
"1509",2022-05-27 04:15:00,0.369
"1510",2022-05-27 04:30:00,0.366
"1511",2022-05-27 04:45:00,0.368
"1512",2022-05-27 05:00:00,0.368
"1513",2022-05-27 05:15:00,0.367
"1514",2022-05-27 05:30:00,0.368
"1515",2022-05-27 05:45:00,0.366
"1516",2022-05-27 06:00:00,0.367
"1517",2022-05-27 06:15:00,0.369
"1518",2022-05-27 06:30:00,0.368
"1519",2022-05-27 06:45:00,0.368
"1520",2022-05-27 07:00:00,0.367
"1521",2022-05-27 07:15:00,0.369
"1522",2022-05-27 07:30:00,0.367
"1523",2022-05-27 07:45:00,0.367
"1524",2022-05-27 08:00:00,0.366
"1525",2022-05-27 08:15:00,0.367
"1526",2022-05-27 08:30:00,0.367
"1527",2022-05-27 08:45:00,0.366
"1528",2022-05-27 09:00:00,0.364
"1529",2022-05-27 09:15:00,0.369
"1530",2022-05-27 09:30:00,0.365
"1531",2022-05-27 09:45:00,0.369
"1532",2022-05-27 10:00:00,0.366
"1533",2022-05-27 10:15:00,0.45
"1534",2022-05-27 10:30:00,0.541
"1535",2022-05-27 10:45:00,0.625
"1536",2022-05-27 11:00:00,0.711
"1537",2022-05-27 11:15:00,0.784
"1538",2022-05-27 11:30:00,0.835
"1539",2022-05-27 11:45:00,0.886
"1540",2022-05-27 12:00:00,0.912
"1541",2022-05-27 12:15:00,0.913
"1542",2022-05-27 12:30:00,0.891
"1543",2022-05-27 12:45:00,0.84
"1544",2022-05-27 13:00:00,0.777
"1545",2022-05-27 13:15:00,0.712
"1546",2022-05-27 13:30:00,0.626
"1547",2022-05-27 13:45:00,0.539
"1548",2022-05-27 14:00:00,0.451
"1549",2022-05-27 14:15:00,0.373
"1550",2022-05-27 14:30:00,0.366
"1551",2022-05-27 14:45:00,0.365
"1552",2022-05-27 15:00:00,0.364
"1553",2022-05-27 15:15:00,0.365
"1554",2022-05-27 15:30:00,0.368
"1555",2022-05-27 15:45:00,0.368
"1556",2022-05-27 16:00:00,0.367
"1557",2022-05-27 16:15:00,0.368
"1558",2022-05-27 16:30:00,0.366
"1559",2022-05-27 16:45:00,0.368
"1560",2022-05-27 17:00:00,0.366
"1561",2022-05-27 17:15:00,0.364
"1562",2022-05-27 17:30:00,0.364
"1563",2022-05-27 17:45:00,0.365
"1564",2022-05-27 18:00:00,0.365
"1565",2022-05-27 18:15:00,0.365
"1566",2022-05-27 18:30:00,0.364
"1567",2022-05-27 18:45:00,0.364
"1568",2022-05-27 19:00:00,0.368
"1569",2022-05-27 19:15:00,0.366
"1570",2022-05-27 19:30:00,0.366
"1571",2022-05-27 19:45:00,0.363
"1572",2022-05-27 20:00:00,0.364
"1573",2022-05-27 20:15:00,0.366
"1574",2022-05-27 20:30:00,0.365
"1575",2022-05-27 20:45:00,0.366
"1576",2022-05-27 21:00:00,0.365
"1577",2022-05-27 21:15:00,0.366
"1578",2022-05-27 21:30:00,0.364
"1579",2022-05-27 21:45:00,0.363
"1580",2022-05-27 22:00:00,0.475
"1581",2022-05-27 22:15:00,0.581
"1582",2022-05-27 22:30:00,0.68
"1583",2022-05-27 22:45:00,0.786
"1584",2022-05-27 23:00:00,0.875
"1585",2022-05-27 23:15:00,0.957
"1586",2022-05-27 23:30:00,1.025
"1587",2022-05-27 23:45:00,1.077
"1588",2022-05-28 00:00:00,1.121
"1589",2022-05-28 00:15:00,1.139
"1590",2022-05-28 00:30:00,1.133
"1591",2022-05-28 00:45:00,1.097
"1592",2022-05-28 01:00:00,1.054
"1593",2022-05-28 01:15:00,0.981
"1594",2022-05-28 01:30:00,0.898
"1595",2022-05-28 01:45:00,0.809
"1596",2022-05-28 02:00:00,0.723
"1597",2022-05-28 02:15:00,0.621
"1598",2022-05-28 02:30:00,0.515
"1599",2022-05-28 02:45:00,0.417
"1600",2022-05-28 03:00:00,0.368
"1601",2022-05-28 03:15:00,0.369
"1602",2022-05-28 03:30:00,0.367
"1603",2022-05-28 03:45:00,0.366
"1604",2022-05-28 04:00:00,0.368
"1605",2022-05-28 04:15:00,0.368
"1606",2022-05-28 04:30:00,0.367
"1607",2022-05-28 04:45:00,0.368
"1608",2022-05-28 05:00:00,0.368
"1609",2022-05-28 05:15:00,0.368
"1610",2022-05-28 05:30:00,0.369
"1611",2022-05-28 05:45:00,0.368
"1612",2022-05-28 06:00:00,0.37
"1613",2022-05-28 06:15:00,0.37
"1614",2022-05-28 06:30:00,0.369
"1615",2022-05-28 06:45:00,0.369
"1616",2022-05-28 07:00:00,0.369
"1617",2022-05-28 07:15:00,0.371
"1618",2022-05-28 07:30:00,0.369
"1619",2022-05-28 07:45:00,0.369
"1620",2022-05-28 08:00:00,0.369
"1621",2022-05-28 08:15:00,0.369
"1622",2022-05-28 08:30:00,0.368
"1623",2022-05-28 08:45:00,0.369
"1624",2022-05-28 09:00:00,0.369
"1625",2022-05-28 09:15:00,0.37
"1626",2022-05-28 09:30:00,0.368
"1627",2022-05-28 09:45:00,0.366
"1628",2022-05-28 10:00:00,0.368
"1629",2022-05-28 10:15:00,0.366
"1630",2022-05-28 10:30:00,0.367
"1631",2022-05-28 10:45:00,0.365
"1632",2022-05-28 11:00:00,0.443
"1633",2022-05-28 11:15:00,0.535
"1634",2022-05-28 11:30:00,0.624
"1635",2022-05-28 11:45:00,0.706
"1636",2022-05-28 12:00:00,0.78
"1637",2022-05-28 12:15:00,0.841
"1638",2022-05-28 12:30:00,0.889
"1639",2022-05-28 12:45:00,0.918
"1640",2022-05-28 13:00:00,0.929
"1641",2022-05-28 13:15:00,0.914
"1642",2022-05-28 13:30:00,0.87
"1643",2022-05-28 13:45:00,0.822
"1644",2022-05-28 14:00:00,0.751
"1645",2022-05-28 14:15:00,0.668
"1646",2022-05-28 14:30:00,0.588
"1647",2022-05-28 14:45:00,0.492
"1648",2022-05-28 15:00:00,0.399
"1649",2022-05-28 15:15:00,0.366
"1650",2022-05-28 15:30:00,0.364
"1651",2022-05-28 15:45:00,0.367
"1652",2022-05-28 16:00:00,0.368
"1653",2022-05-28 16:15:00,0.369
"1654",2022-05-28 16:30:00,0.369
"1655",2022-05-28 16:45:00,0.37
"1656",2022-05-28 17:00:00,0.37
"1657",2022-05-28 17:15:00,0.369
"1658",2022-05-28 17:30:00,0.371
"1659",2022-05-28 17:45:00,0.368
"1660",2022-05-28 18:00:00,0.369
"1661",2022-05-28 18:15:00,0.369
"1662",2022-05-28 18:30:00,0.368
"1663",2022-05-28 18:45:00,0.366
"1664",2022-05-28 19:00:00,0.369
"1665",2022-05-28 19:15:00,0.368
"1666",2022-05-28 19:30:00,0.368
"1667",2022-05-28 19:45:00,0.368
"1668",2022-05-28 20:00:00,0.368
"1669",2022-05-28 20:15:00,0.368
"1670",2022-05-28 20:30:00,0.368
"1671",2022-05-28 20:45:00,0.369
"1672",2022-05-28 21:00:00,0.368
"1673",2022-05-28 21:15:00,0.371
"1674",2022-05-28 21:30:00,0.369
"1675",2022-05-28 21:45:00,0.367
"1676",2022-05-28 22:00:00,0.369
"1677",2022-05-28 22:15:00,0.367
"1678",2022-05-28 22:30:00,0.456
"1679",2022-05-28 22:45:00,0.557
"1680",2022-05-28 23:00:00,0.668
"1681",2022-05-28 23:15:00,0.767
"1682",2022-05-28 23:30:00,0.859
"1683",2022-05-28 23:45:00,0.945
"1684",2022-05-29 00:00:00,1.021
"1685",2022-05-29 00:15:00,1.085
"1686",2022-05-29 00:30:00,1.137
"1687",2022-05-29 00:45:00,1.17
"1688",2022-05-29 01:00:00,1.181
"1689",2022-05-29 01:15:00,1.163
"1690",2022-05-29 01:30:00,1.126
"1691",2022-05-29 01:45:00,1.067
"1692",2022-05-29 02:00:00,0.996
"1693",2022-05-29 02:15:00,0.906
"1694",2022-05-29 02:30:00,0.827
"1695",2022-05-29 02:45:00,0.729
"1696",2022-05-29 03:00:00,0.622
"1697",2022-05-29 03:15:00,0.514
"1698",2022-05-29 03:30:00,0.417
"1699",2022-05-29 03:45:00,0.368
"1700",2022-05-29 04:00:00,0.368
"1701",2022-05-29 04:15:00,0.368
"1702",2022-05-29 04:30:00,0.367
"1703",2022-05-29 04:45:00,0.368
"1704",2022-05-29 05:00:00,0.368
"1705",2022-05-29 05:15:00,0.367
"1706",2022-05-29 05:30:00,0.366
"1707",2022-05-29 05:45:00,0.367
"1708",2022-05-29 06:00:00,0.368
"1709",2022-05-29 06:15:00,0.366
"1710",2022-05-29 06:30:00,0.366
"1711",2022-05-29 06:45:00,0.367
"1712",2022-05-29 07:00:00,0.366
"1713",2022-05-29 07:15:00,0.366
"1714",2022-05-29 07:30:00,0.367
"1715",2022-05-29 07:45:00,0.366
"1716",2022-05-29 08:00:00,0.367
"1717",2022-05-29 08:15:00,0.367
"1718",2022-05-29 08:30:00,0.366
"1719",2022-05-29 08:45:00,0.365
"1720",2022-05-29 09:00:00,0.362
"1721",2022-05-29 09:15:00,0.362
"1722",2022-05-29 09:30:00,0.361
"1723",2022-05-29 09:45:00,0.361
"1724",2022-05-29 10:00:00,0.364
"1725",2022-05-29 10:15:00,0.362
"1726",2022-05-29 10:30:00,0.364
"1727",2022-05-29 10:45:00,0.365
"1728",2022-05-29 11:00:00,0.367
"1729",2022-05-29 11:15:00,0.367
"1730",2022-05-29 11:30:00,0.367
"1731",2022-05-29 11:45:00,0.362
"1732",2022-05-29 12:00:00,0.45
"1733",2022-05-29 12:15:00,0.537
"1734",2022-05-29 12:30:00,0.616
"1735",2022-05-29 12:45:00,0.686
"1736",2022-05-29 13:00:00,0.745
"1737",2022-05-29 13:15:00,0.785
"1738",2022-05-29 13:30:00,0.814
"1739",2022-05-29 13:45:00,0.817
"1740",2022-05-29 14:00:00,0.79
"1741",2022-05-29 14:15:00,0.749
"1742",2022-05-29 14:30:00,0.688
"1743",2022-05-29 14:45:00,0.615
"1744",2022-05-29 15:00:00,0.536
"1745",2022-05-29 15:15:00,0.452
"1746",2022-05-29 15:30:00,0.376
"1747",2022-05-29 15:45:00,0.362
"1748",2022-05-29 16:00:00,0.362
"1749",2022-05-29 16:15:00,0.365
"1750",2022-05-29 16:30:00,0.367
"1751",2022-05-29 16:45:00,0.363
"1752",2022-05-29 17:00:00,0.364
"1753",2022-05-29 17:15:00,0.363
"1754",2022-05-29 17:30:00,0.362
"1755",2022-05-29 17:45:00,0.364
"1756",2022-05-29 18:00:00,0.363
"1757",2022-05-29 18:15:00,0.362
"1758",2022-05-29 18:30:00,0.363
"1759",2022-05-29 18:45:00,0.363
"1760",2022-05-29 19:00:00,0.364
"1761",2022-05-29 19:15:00,0.364
"1762",2022-05-29 19:30:00,0.365
"1763",2022-05-29 19:45:00,0.364
"1764",2022-05-29 20:00:00,0.364
"1765",2022-05-29 20:15:00,0.364
"1766",2022-05-29 20:30:00,0.364
"1767",2022-05-29 20:45:00,0.367
"1768",2022-05-29 21:00:00,0.364
"1769",2022-05-29 21:15:00,0.365
"1770",2022-05-29 21:30:00,0.365
"1771",2022-05-29 21:45:00,0.366
"1772",2022-05-29 22:00:00,0.364
"1773",2022-05-29 22:15:00,0.364
"1774",2022-05-29 22:30:00,0.365
"1775",2022-05-29 22:45:00,0.365
"1776",2022-05-29 23:00:00,0.366
"1777",2022-05-29 23:15:00,0.419
"1778",2022-05-29 23:30:00,0.523
"1779",2022-05-29 23:45:00,0.628
"1780",2022-05-30 00:00:00,0.728
"1781",2022-05-30 00:15:00,0.817
"1782",2022-05-30 00:30:00,0.901
"1783",2022-05-30 00:45:00,0.976
"1784",2022-05-30 01:00:00,1.041
"1785",2022-05-30 01:15:00,1.082
"1786",2022-05-30 01:30:00,1.117
"1787",2022-05-30 01:45:00,1.116
"1788",2022-05-30 02:00:00,1.09
"1789",2022-05-30 02:15:00,1.047
"1790",2022-05-30 02:30:00,0.982
"1791",2022-05-30 02:45:00,0.907
"1792",2022-05-30 03:00:00,0.819
"1793",2022-05-30 03:15:00,0.73
"1794",2022-05-30 03:30:00,0.627
"1795",2022-05-30 03:45:00,0.526
"1796",2022-05-30 04:00:00,0.421
"1797",2022-05-30 04:15:00,0.367
"1798",2022-05-30 04:30:00,0.366
"1799",2022-05-30 04:45:00,0.367
"1800",2022-05-30 05:00:00,0.367
"1801",2022-05-30 05:15:00,0.367
"1802",2022-05-30 05:30:00,0.366
"1803",2022-05-30 05:45:00,0.365
"1804",2022-05-30 06:00:00,0.368
"1805",2022-05-30 06:15:00,0.367
"1806",2022-05-30 06:30:00,0.367
"1807",2022-05-30 06:45:00,0.366
"1808",2022-05-30 07:00:00,0.367
"1809",2022-05-30 07:15:00,0.367
"1810",2022-05-30 07:30:00,0.368
"1811",2022-05-30 07:45:00,0.367
"1812",2022-05-30 08:00:00,0.366
"1813",2022-05-30 08:15:00,0.367
"1814",2022-05-30 08:30:00,0.366
"1815",2022-05-30 08:45:00,0.364
"1816",2022-05-30 09:00:00,0.365
"1817",2022-05-30 09:15:00,0.368
"1818",2022-05-30 09:30:00,0.365
"1819",2022-05-30 09:45:00,0.366
"1820",2022-05-30 10:00:00,0.365
"1821",2022-05-30 10:15:00,0.366
"1822",2022-05-30 10:30:00,0.363
"1823",2022-05-30 10:45:00,0.366
"1824",2022-05-30 11:00:00,0.37
"1825",2022-05-30 11:15:00,0.369
"1826",2022-05-30 11:30:00,0.371
"1827",2022-05-30 11:45:00,0.37
"1828",2022-05-30 12:00:00,0.371
"1829",2022-05-30 12:15:00,0.373
"1830",2022-05-30 12:30:00,0.37
"1831",2022-05-30 12:45:00,0.407
"1832",2022-05-30 13:00:00,0.478
"1833",2022-05-30 13:15:00,0.562
"1834",2022-05-30 13:30:00,0.63
"1835",2022-05-30 13:45:00,0.684
"1836",2022-05-30 14:00:00,0.733
"1837",2022-05-30 14:15:00,0.751
"1838",2022-05-30 14:30:00,0.752
"1839",2022-05-30 14:45:00,0.721
"1840",2022-05-30 15:00:00,0.682
"1841",2022-05-30 15:15:00,0.634
"1842",2022-05-30 15:30:00,0.558
"1843",2022-05-30 15:45:00,0.479
"1844",2022-05-30 16:00:00,0.387
"1845",2022-05-30 16:15:00,0.364
"1846",2022-05-30 16:30:00,0.369
"1847",2022-05-30 16:45:00,0.37
"1848",2022-05-30 17:00:00,0.371
"1849",2022-05-30 17:15:00,0.37
"1850",2022-05-30 17:30:00,0.369
"1851",2022-05-30 17:45:00,0.373
"1852",2022-05-30 18:00:00,0.371
"1853",2022-05-30 18:15:00,0.371
"1854",2022-05-30 18:30:00,0.371
"1855",2022-05-30 18:45:00,0.371
"1856",2022-05-30 19:00:00,0.369
"1857",2022-05-30 19:15:00,0.371
"1858",2022-05-30 19:30:00,0.371
"1859",2022-05-30 19:45:00,0.371
"1860",2022-05-30 20:00:00,0.371
"1861",2022-05-30 20:15:00,0.372
"1862",2022-05-30 20:30:00,0.374
"1863",2022-05-30 20:45:00,0.372
"1864",2022-05-30 21:00:00,0.372
"1865",2022-05-30 21:15:00,0.371
"1866",2022-05-30 21:30:00,0.372
"1867",2022-05-30 21:45:00,0.372
"1868",2022-05-30 22:00:00,0.372
"1869",2022-05-30 22:15:00,0.371
"1870",2022-05-30 22:30:00,0.37
"1871",2022-05-30 22:45:00,0.373
"1872",2022-05-30 23:00:00,0.371
"1873",2022-05-30 23:15:00,0.373
"1874",2022-05-30 23:30:00,0.373
"1875",2022-05-30 23:45:00,0.381
"1876",2022-05-31 00:00:00,0.489
"1877",2022-05-31 00:15:00,0.596
"1878",2022-05-31 00:30:00,0.696
"1879",2022-05-31 00:45:00,0.794
"1880",2022-05-31 01:00:00,0.882
"1881",2022-05-31 01:15:00,0.963
"1882",2022-05-31 01:30:00,1.031
"1883",2022-05-31 01:45:00,1.083
"1884",2022-05-31 02:00:00,1.125
"1885",2022-05-31 02:15:00,1.141
"1886",2022-05-31 02:30:00,1.136
"1887",2022-05-31 02:45:00,1.099
"1888",2022-05-31 03:00:00,1.053
"1889",2022-05-31 03:15:00,0.981
"1890",2022-05-31 03:30:00,0.896
"1891",2022-05-31 03:45:00,0.813
"1892",2022-05-31 04:00:00,0.723
"1893",2022-05-31 04:15:00,0.621
"1894",2022-05-31 04:30:00,0.524
"1895",2022-05-31 04:45:00,0.413
"1896",2022-05-31 05:00:00,0.363
"1897",2022-05-31 05:15:00,0.374
"1898",2022-05-31 05:30:00,0.373
"1899",2022-05-31 05:45:00,0.374
"1900",2022-05-31 06:00:00,0.373
"1901",2022-05-31 06:15:00,0.373
"1902",2022-05-31 06:30:00,0.373
"1903",2022-05-31 06:45:00,0.371
"1904",2022-05-31 07:00:00,0.367
"1905",2022-05-31 07:15:00,0.369
"1906",2022-05-31 07:30:00,0.372
"1907",2022-05-31 07:45:00,0.372
"1908",2022-05-31 08:00:00,0.373
"1909",2022-05-31 08:15:00,0.372
"1910",2022-05-31 08:30:00,0.37
"1911",2022-05-31 08:45:00,0.372
"1912",2022-05-31 09:00:00,0.373
"1913",2022-05-31 09:15:00,0.373
"1914",2022-05-31 09:30:00,0.373
"1915",2022-05-31 09:45:00,0.373
"1916",2022-05-31 10:00:00,0.371
"1917",2022-05-31 10:15:00,0.372
"1918",2022-05-31 10:30:00,0.375
"1919",2022-05-31 10:45:00,0.375
"1920",2022-05-31 11:00:00,0.373
"1921",2022-05-31 11:15:00,0.375
"1922",2022-05-31 11:30:00,0.376
"1923",2022-05-31 11:45:00,0.372
"1924",2022-05-31 12:00:00,0.373
"1925",2022-05-31 12:15:00,0.374
"1926",2022-05-31 12:30:00,0.373
"1927",2022-05-31 12:45:00,0.373
"1928",2022-05-31 13:00:00,0.374
"1929",2022-05-31 13:15:00,0.425
"1930",2022-05-31 13:30:00,0.506
"1931",2022-05-31 13:45:00,0.589
"1932",2022-05-31 14:00:00,0.657
"1933",2022-05-31 14:15:00,0.718
"1934",2022-05-31 14:30:00,0.773
"1935",2022-05-31 14:45:00,0.8
"1936",2022-05-31 15:00:00,0.814
"1937",2022-05-31 15:15:00,0.809
"1938",2022-05-31 15:30:00,0.772
"1939",2022-05-31 15:45:00,0.724
"1940",2022-05-31 16:00:00,0.654
"1941",2022-05-31 16:15:00,0.588
"1942",2022-05-31 16:30:00,0.508
"1943",2022-05-31 16:45:00,0.422
"1944",2022-05-31 17:00:00,0.37
"1945",2022-05-31 17:15:00,0.375
"1946",2022-05-31 17:30:00,0.373
"1947",2022-05-31 17:45:00,0.373
"1948",2022-05-31 18:00:00,0.375
"1949",2022-05-31 18:15:00,0.373
"1950",2022-05-31 18:30:00,0.375
"1951",2022-05-31 18:45:00,0.372
"1952",2022-05-31 19:00:00,0.373
"1953",2022-05-31 19:15:00,0.375
"1954",2022-05-31 19:30:00,0.374
"1955",2022-05-31 19:45:00,0.374
"1956",2022-05-31 20:00:00,0.373
"1957",2022-05-31 20:15:00,0.373
"1958",2022-05-31 20:30:00,0.373
"1959",2022-05-31 20:45:00,0.372
"1960",2022-05-31 21:00:00,0.373
"1961",2022-05-31 21:15:00,0.373
"1962",2022-05-31 21:30:00,0.375
"1963",2022-05-31 21:45:00,0.372
"1964",2022-05-31 22:00:00,0.373
"1965",2022-05-31 22:15:00,0.373
"1966",2022-05-31 22:30:00,0.376
"1967",2022-05-31 22:45:00,0.372
"1968",2022-05-31 23:00:00,0.375
"1969",2022-05-31 23:15:00,0.374
"1970",2022-05-31 23:30:00,0.371
"1971",2022-05-31 23:45:00,0.375
"1972",2022-06-01 00:00:00,0.374
"1973",2022-06-01 00:15:00,0.375
"1974",2022-06-01 00:30:00,0.471
"1975",2022-06-01 00:45:00,0.567
"1976",2022-06-01 01:00:00,0.669
"1977",2022-06-01 01:15:00,0.761
"1978",2022-06-01 01:30:00,0.849
"1979",2022-06-01 01:45:00,0.929
"1980",2022-06-01 02:00:00,0.997
"1981",2022-06-01 02:15:00,1.049
"1982",2022-06-01 02:30:00,1.094
"1983",2022-06-01 02:45:00,1.124
"1984",2022-06-01 03:00:00,1.118
"1985",2022-06-01 03:15:00,1.097
"1986",2022-06-01 03:30:00,1.052
"1987",2022-06-01 03:45:00,0.99
"1988",2022-06-01 04:00:00,0.915
"1989",2022-06-01 04:15:00,0.827
"1990",2022-06-01 04:30:00,0.745
"1991",2022-06-01 04:45:00,0.649
"1992",2022-06-01 05:00:00,0.538
"1993",2022-06-01 05:15:00,0.442
"1994",2022-06-01 05:30:00,0.369
"1995",2022-06-01 05:45:00,0.369
"1996",2022-06-01 06:00:00,0.371
"1997",2022-06-01 06:15:00,0.371
"1998",2022-06-01 06:30:00,0.371
"1999",2022-06-01 06:45:00,0.372
"2000",2022-06-01 07:00:00,0.371
"2001",2022-06-01 07:15:00,0.371
"2002",2022-06-01 07:30:00,0.37
"2003",2022-06-01 07:45:00,0.373
"2004",2022-06-01 08:00:00,0.369
"2005",2022-06-01 08:15:00,0.372
"2006",2022-06-01 08:30:00,0.369
"2007",2022-06-01 08:45:00,0.367
"2008",2022-06-01 09:00:00,0.371
"2009",2022-06-01 09:15:00,0.37
"2010",2022-06-01 09:30:00,0.373
"2011",2022-06-01 09:45:00,0.372
"2012",2022-06-01 10:00:00,0.371
"2013",2022-06-01 10:15:00,0.369
"2014",2022-06-01 10:30:00,0.37
"2015",2022-06-01 10:45:00,0.37
"2016",2022-06-01 11:00:00,0.369
"2017",2022-06-01 11:15:00,0.37
"2018",2022-06-01 11:30:00,0.367
"2019",2022-06-01 11:45:00,0.366
"2020",2022-06-01 12:00:00,0.367
"2021",2022-06-01 12:15:00,0.369
"2022",2022-06-01 12:30:00,0.369
"2023",2022-06-01 12:45:00,0.369
"2024",2022-06-01 13:00:00,0.369
"2025",2022-06-01 13:15:00,0.367
"2026",2022-06-01 13:30:00,0.369
"2027",2022-06-01 13:45:00,0.369
"2028",2022-06-01 14:00:00,0.451
"2029",2022-06-01 14:15:00,0.525
"2030",2022-06-01 14:30:00,0.606
"2031",2022-06-01 14:45:00,0.662
"2032",2022-06-01 15:00:00,0.717
"2033",2022-06-01 15:15:00,0.764
"2034",2022-06-01 15:30:00,0.782
"2035",2022-06-01 15:45:00,0.786
"2036",2022-06-01 16:00:00,0.762
"2037",2022-06-01 16:15:00,0.725
"2038",2022-06-01 16:30:00,0.669
"2039",2022-06-01 16:45:00,0.597
"2040",2022-06-01 17:00:00,0.518
"2041",2022-06-01 17:15:00,0.44
"2042",2022-06-01 17:30:00,0.37
"2043",2022-06-01 17:45:00,0.366
"2044",2022-06-01 18:00:00,0.37
"2045",2022-06-01 18:15:00,0.367
"2046",2022-06-01 18:30:00,0.37
"2047",2022-06-01 18:45:00,0.368
"2048",2022-06-01 19:00:00,0.367
"2049",2022-06-01 19:15:00,0.367
"2050",2022-06-01 19:30:00,0.367
"2051",2022-06-01 19:45:00,0.367
"2052",2022-06-01 20:00:00,0.369
"2053",2022-06-01 20:15:00,0.366
"2054",2022-06-01 20:30:00,0.368
"2055",2022-06-01 20:45:00,0.37
"2056",2022-06-01 21:00:00,0.366
"2057",2022-06-01 21:15:00,0.367
"2058",2022-06-01 21:30:00,0.369
"2059",2022-06-01 21:45:00,0.371
"2060",2022-06-01 22:00:00,0.37
"2061",2022-06-01 22:15:00,0.367
"2062",2022-06-01 22:30:00,0.37
"2063",2022-06-01 22:45:00,0.37
"2064",2022-06-01 23:00:00,0.368
"2065",2022-06-01 23:15:00,0.368
"2066",2022-06-01 23:30:00,0.369
"2067",2022-06-01 23:45:00,0.368
"2068",2022-06-02 00:00:00,0.369
"2069",2022-06-02 00:15:00,0.366
"2070",2022-06-02 00:30:00,0.368
"2071",2022-06-02 00:45:00,0.368
"2072",2022-06-02 01:00:00,0.453
"2073",2022-06-02 01:15:00,0.549
"2074",2022-06-02 01:30:00,0.657
"2075",2022-06-02 01:45:00,0.751
"2076",2022-06-02 02:00:00,0.84
"2077",2022-06-02 02:15:00,0.933
"2078",2022-06-02 02:30:00,1.003
"2079",2022-06-02 02:45:00,1.066
"2080",2022-06-02 03:00:00,1.128
"2081",2022-06-02 03:15:00,1.164
"2082",2022-06-02 03:30:00,1.18
"2083",2022-06-02 03:45:00,1.171
"2084",2022-06-02 04:00:00,1.143
"2085",2022-06-02 04:15:00,1.098
"2086",2022-06-02 04:30:00,1.033
"2087",2022-06-02 04:45:00,0.957
"2088",2022-06-02 05:00:00,0.865
"2089",2022-06-02 05:15:00,0.778
"2090",2022-06-02 05:30:00,0.693
"2091",2022-06-02 05:45:00,0.587
"2092",2022-06-02 06:00:00,0.482
"2093",2022-06-02 06:15:00,0.375
"2094",2022-06-02 06:30:00,0.367
"2095",2022-06-02 06:45:00,0.367
"2096",2022-06-02 07:00:00,0.368
"2097",2022-06-02 07:15:00,0.368
"2098",2022-06-02 07:30:00,0.365
"2099",2022-06-02 07:45:00,0.368
"2100",2022-06-02 08:00:00,0.366
"2101",2022-06-02 08:15:00,0.368
"2102",2022-06-02 08:30:00,0.368
"2103",2022-06-02 08:45:00,0.368
"2104",2022-06-02 09:00:00,0.367
"2105",2022-06-02 09:15:00,0.368
"2106",2022-06-02 09:30:00,0.367
"2107",2022-06-02 09:45:00,0.369
"2108",2022-06-02 10:00:00,0.368
"2109",2022-06-02 10:15:00,0.365
"2110",2022-06-02 10:30:00,0.365
"2111",2022-06-02 10:45:00,0.365
"2112",2022-06-02 11:00:00,0.366
"2113",2022-06-02 11:15:00,0.368
"2114",2022-06-02 11:30:00,0.367
"2115",2022-06-02 11:45:00,0.367
"2116",2022-06-02 12:00:00,0.367
"2117",2022-06-02 12:15:00,0.366
"2118",2022-06-02 12:30:00,0.368
"2119",2022-06-02 12:45:00,0.367
"2120",2022-06-02 13:00:00,0.366
"2121",2022-06-02 13:15:00,0.366
"2122",2022-06-02 13:30:00,0.366
"2123",2022-06-02 13:45:00,0.365
"2124",2022-06-02 14:00:00,0.365
"2125",2022-06-02 14:15:00,0.37
"2126",2022-06-02 14:30:00,0.449
"2127",2022-06-02 14:45:00,0.539
"2128",2022-06-02 15:00:00,0.612
"2129",2022-06-02 15:15:00,0.682
"2130",2022-06-02 15:30:00,0.745
"2131",2022-06-02 15:45:00,0.789
"2132",2022-06-02 16:00:00,0.822
"2133",2022-06-02 16:15:00,0.829
"2134",2022-06-02 16:30:00,0.819
"2135",2022-06-02 16:45:00,0.792
"2136",2022-06-02 17:00:00,0.739
"2137",2022-06-02 17:15:00,0.676
"2138",2022-06-02 17:30:00,0.605
"2139",2022-06-02 17:45:00,0.527
"2140",2022-06-02 18:00:00,0.441
"2141",2022-06-02 18:15:00,0.366
"2142",2022-06-02 18:30:00,0.366
"2143",2022-06-02 18:45:00,0.368
"2144",2022-06-02 19:00:00,0.365
"2145",2022-06-02 19:15:00,0.366
"2146",2022-06-02 19:30:00,0.368
"2147",2022-06-02 19:45:00,0.366
"2148",2022-06-02 20:00:00,0.364
"2149",2022-06-02 20:15:00,0.367
"2150",2022-06-02 20:30:00,0.367
"2151",2022-06-02 20:45:00,0.366
"2152",2022-06-02 21:00:00,0.364
"2153",2022-06-02 21:15:00,0.366
"2154",2022-06-02 21:30:00,0.366
"2155",2022-06-02 21:45:00,0.365
"2156",2022-06-02 22:00:00,0.366
"2157",2022-06-02 22:15:00,0.366
"2158",2022-06-02 22:30:00,0.367
"2159",2022-06-02 22:45:00,0.367
"2160",2022-06-02 23:00:00,0.365
"2161",2022-06-02 23:15:00,0.365
"2162",2022-06-02 23:30:00,0.367
"2163",2022-06-02 23:45:00,0.368
"2164",2022-06-03 00:00:00,0.368
"2165",2022-06-03 00:15:00,0.365
"2166",2022-06-03 00:30:00,0.366
"2167",2022-06-03 00:45:00,0.366
"2168",2022-06-03 01:00:00,0.366
"2169",2022-06-03 01:15:00,0.368
"2170",2022-06-03 01:30:00,0.405
"2171",2022-06-03 01:45:00,0.492
"2172",2022-06-03 02:00:00,0.605
"2173",2022-06-03 02:15:00,0.695
"2174",2022-06-03 02:30:00,0.788
"2175",2022-06-03 02:45:00,0.872
"2176",2022-06-03 03:00:00,0.951
"2177",2022-06-03 03:15:00,1.021
"2178",2022-06-03 03:30:00,1.075
"2179",2022-06-03 03:45:00,1.121
"2180",2022-06-03 04:00:00,1.151
"2181",2022-06-03 04:15:00,1.158
"2182",2022-06-03 04:30:00,1.142
"2183",2022-06-03 04:45:00,1.11
"2184",2022-06-03 05:00:00,1.049
"2185",2022-06-03 05:15:00,0.977
"2186",2022-06-03 05:30:00,0.9
"2187",2022-06-03 05:45:00,0.816
"2188",2022-06-03 06:00:00,0.736
"2189",2022-06-03 06:15:00,0.635
"2190",2022-06-03 06:30:00,0.532
"2191",2022-06-03 06:45:00,0.429
"2192",2022-06-03 07:00:00,0.368
"2193",2022-06-03 07:15:00,0.367
"2194",2022-06-03 07:30:00,0.366
"2195",2022-06-03 07:45:00,0.367
"2196",2022-06-03 08:00:00,0.365
"2197",2022-06-03 08:15:00,0.364
"2198",2022-06-03 08:30:00,0.365
"2199",2022-06-03 08:45:00,0.367
"2200",2022-06-03 09:00:00,0.367
"2201",2022-06-03 09:15:00,0.367
"2202",2022-06-03 09:30:00,0.366
"2203",2022-06-03 09:45:00,0.366
"2204",2022-06-03 10:00:00,0.367
"2205",2022-06-03 10:15:00,0.367
"2206",2022-06-03 10:30:00,0.366
"2207",2022-06-03 10:45:00,0.366
"2208",2022-06-03 11:00:00,0.368
"2209",2022-06-03 11:15:00,0.367
"2210",2022-06-03 11:30:00,0.366
"2211",2022-06-03 11:45:00,0.367
"2212",2022-06-03 12:00:00,0.366
"2213",2022-06-03 12:15:00,0.366
"2214",2022-06-03 12:30:00,0.365
"2215",2022-06-03 12:45:00,0.366
"2216",2022-06-03 13:00:00,0.366
"2217",2022-06-03 13:15:00,0.366
"2218",2022-06-03 13:30:00,0.366
"2219",2022-06-03 13:45:00,0.365
"2220",2022-06-03 14:00:00,0.367
"2221",2022-06-03 14:15:00,0.365
"2222",2022-06-03 14:30:00,0.365
"2223",2022-06-03 14:45:00,0.363
"2224",2022-06-03 15:00:00,0.442
"2225",2022-06-03 15:15:00,0.522
"2226",2022-06-03 15:30:00,0.595
"2227",2022-06-03 15:45:00,0.675
"2228",2022-06-03 16:00:00,0.741
"2229",2022-06-03 16:15:00,0.793
"2230",2022-06-03 16:30:00,0.837
"2231",2022-06-03 16:45:00,0.864
"2232",2022-06-03 17:00:00,0.864
"2233",2022-06-03 17:15:00,0.854
"2234",2022-06-03 17:30:00,0.813
"2235",2022-06-03 17:45:00,0.757
"2236",2022-06-03 18:00:00,0.7
"2237",2022-06-03 18:15:00,0.62
"2238",2022-06-03 18:30:00,0.542
"2239",2022-06-03 18:45:00,0.462
"2240",2022-06-03 19:00:00,0.38
"2241",2022-06-03 19:15:00,0.369
"2242",2022-06-03 19:30:00,0.366
"2243",2022-06-03 19:45:00,0.365
"2244",2022-06-03 20:00:00,0.369
"2245",2022-06-03 20:15:00,0.367
"2246",2022-06-03 20:30:00,0.364
"2247",2022-06-03 20:45:00,0.367
"2248",2022-06-03 21:00:00,0.366
"2249",2022-06-03 21:15:00,0.366
"2250",2022-06-03 21:30:00,0.366
"2251",2022-06-03 21:45:00,0.364
"2252",2022-06-03 22:00:00,0.365
"2253",2022-06-03 22:15:00,0.366
"2254",2022-06-03 22:30:00,0.366
"2255",2022-06-03 22:45:00,0.363
"2256",2022-06-03 23:00:00,0.364
"2257",2022-06-03 23:15:00,0.365
"2258",2022-06-03 23:30:00,0.365
"2259",2022-06-03 23:45:00,0.365
"2260",2022-06-04 00:00:00,0.366
"2261",2022-06-04 00:15:00,0.366
"2262",2022-06-04 00:30:00,0.367
"2263",2022-06-04 00:45:00,0.366
"2264",2022-06-04 01:00:00,0.367
"2265",2022-06-04 01:15:00,0.365
"2266",2022-06-04 01:30:00,0.365
"2267",2022-06-04 01:45:00,0.365
"2268",2022-06-04 02:00:00,0.365
"2269",2022-06-04 02:15:00,0.448
"2270",2022-06-04 02:30:00,0.541
"2271",2022-06-04 02:45:00,0.632
"2272",2022-06-04 03:00:00,0.731
"2273",2022-06-04 03:15:00,0.815
"2274",2022-06-04 03:30:00,0.892
"2275",2022-06-04 03:45:00,0.97
"2276",2022-06-04 04:00:00,1.028
"2277",2022-06-04 04:15:00,1.082
"2278",2022-06-04 04:30:00,1.116
"2279",2022-06-04 04:45:00,1.132
"2280",2022-06-04 05:00:00,1.129
"2281",2022-06-04 05:15:00,1.104
"2282",2022-06-04 05:30:00,1.054
"2283",2022-06-04 05:45:00,0.997
"2284",2022-06-04 06:00:00,0.924
"2285",2022-06-04 06:15:00,0.84
"2286",2022-06-04 06:30:00,0.763
"2287",2022-06-04 06:45:00,0.664
"2288",2022-06-04 07:00:00,0.566
"2289",2022-06-04 07:15:00,0.471
"2290",2022-06-04 07:30:00,0.376
"2291",2022-06-04 07:45:00,0.365
"2292",2022-06-04 08:00:00,0.365
"2293",2022-06-04 08:15:00,0.365
"2294",2022-06-04 08:30:00,0.363
"2295",2022-06-04 08:45:00,0.366
"2296",2022-06-04 09:00:00,0.366
"2297",2022-06-04 09:15:00,0.365
"2298",2022-06-04 09:30:00,0.366
"2299",2022-06-04 09:45:00,0.365
"2300",2022-06-04 10:00:00,0.366
"2301",2022-06-04 10:15:00,0.365
"2302",2022-06-04 10:30:00,0.366
"2303",2022-06-04 10:45:00,0.364
"2304",2022-06-04 11:00:00,0.365
"2305",2022-06-04 11:15:00,0.364
"2306",2022-06-04 11:30:00,0.366
"2307",2022-06-04 11:45:00,0.365
"2308",2022-06-04 12:00:00,0.364
"2309",2022-06-04 12:15:00,0.364
"2310",2022-06-04 12:30:00,0.365
"2311",2022-06-04 12:45:00,0.362
"2312",2022-06-04 13:00:00,0.365
"2313",2022-06-04 13:15:00,0.366
"2314",2022-06-04 13:30:00,0.368
"2315",2022-06-04 13:45:00,0.368
"2316",2022-06-04 14:00:00,0.367
"2317",2022-06-04 14:15:00,0.365
"2318",2022-06-04 14:30:00,0.367
"2319",2022-06-04 14:45:00,0.368
"2320",2022-06-04 15:00:00,0.366
"2321",2022-06-04 15:15:00,0.367
"2322",2022-06-04 15:30:00,0.367
"2323",2022-06-04 15:45:00,0.423
"2324",2022-06-04 16:00:00,0.492
"2325",2022-06-04 16:15:00,0.564
"2326",2022-06-04 16:30:00,0.642
"2327",2022-06-04 16:45:00,0.695
"2328",2022-06-04 17:00:00,0.754
"2329",2022-06-04 17:15:00,0.792
"2330",2022-06-04 17:30:00,0.815
"2331",2022-06-04 17:45:00,0.821
"2332",2022-06-04 18:00:00,0.802
"2333",2022-06-04 18:15:00,0.77
"2334",2022-06-04 18:30:00,0.716
"2335",2022-06-04 18:45:00,0.662
"2336",2022-06-04 19:00:00,0.582
"2337",2022-06-04 19:15:00,0.511
"2338",2022-06-04 19:30:00,0.434
"2339",2022-06-04 19:45:00,0.366
"2340",2022-06-04 20:00:00,0.364
"2341",2022-06-04 20:15:00,0.365
"2342",2022-06-04 20:30:00,0.365
"2343",2022-06-04 20:45:00,0.365
"2344",2022-06-04 21:00:00,0.365
"2345",2022-06-04 21:15:00,0.364
"2346",2022-06-04 21:30:00,0.364
"2347",2022-06-04 21:45:00,0.365
"2348",2022-06-04 22:00:00,0.366
"2349",2022-06-04 22:15:00,0.364
"2350",2022-06-04 22:30:00,0.366
"2351",2022-06-04 22:45:00,0.366
"2352",2022-06-04 23:00:00,0.365
"2353",2022-06-04 23:15:00,0.364
"2354",2022-06-04 23:30:00,0.367
"2355",2022-06-04 23:45:00,0.365
"2356",2022-06-05 00:00:00,0.364
"2357",2022-06-05 00:15:00,0.365
"2358",2022-06-05 00:30:00,0.366
"2359",2022-06-05 00:45:00,0.366
"2360",2022-06-05 01:00:00,0.364
"2361",2022-06-05 01:15:00,0.364
"2362",2022-06-05 01:30:00,0.363
"2363",2022-06-05 01:45:00,0.366
"2364",2022-06-05 02:00:00,0.366
"2365",2022-06-05 02:15:00,0.365
"2366",2022-06-05 02:30:00,0.363
"2367",2022-06-05 02:45:00,0.365
"2368",2022-06-05 03:00:00,0.435
"2369",2022-06-05 03:15:00,0.527
"2370",2022-06-05 03:30:00,0.621
"2371",2022-06-05 03:45:00,0.703
"2372",2022-06-05 04:00:00,0.789
"2373",2022-06-05 04:15:00,0.863
"2374",2022-06-05 04:30:00,0.932
"2375",2022-06-05 04:45:00,0.991
"2376",2022-06-05 05:00:00,1.039
"2377",2022-06-05 05:15:00,1.071
"2378",2022-06-05 05:30:00,1.082
"2379",2022-06-05 05:45:00,1.07
"2380",2022-06-05 06:00:00,1.042
"2381",2022-06-05 06:15:00,0.993
"2382",2022-06-05 06:30:00,0.934
"2383",2022-06-05 06:45:00,0.863
"2384",2022-06-05 07:00:00,0.777
"2385",2022-06-05 07:15:00,0.69
"2386",2022-06-05 07:30:00,0.593
"2387",2022-06-05 07:45:00,0.498
"2388",2022-06-05 08:00:00,0.404
"2389",2022-06-05 08:15:00,0.363
"2390",2022-06-05 08:30:00,0.363
"2391",2022-06-05 08:45:00,0.362
"2392",2022-06-05 09:00:00,0.359
"2393",2022-06-05 09:15:00,0.364
"2394",2022-06-05 09:30:00,0.364
"2395",2022-06-05 09:45:00,0.362
"2396",2022-06-05 10:00:00,0.365
"2397",2022-06-05 10:15:00,0.363
"2398",2022-06-05 10:30:00,0.365
"2399",2022-06-05 10:45:00,0.366
"2400",2022-06-05 11:00:00,0.365
"2401",2022-06-05 11:15:00,0.365
"2402",2022-06-05 11:30:00,0.366
"2403",2022-06-05 11:45:00,0.369
"2404",2022-06-05 12:00:00,0.37
"2405",2022-06-05 12:15:00,0.368
"2406",2022-06-05 12:30:00,0.367
"2407",2022-06-05 12:45:00,0.366
"2408",2022-06-05 13:00:00,0.37
"2409",2022-06-05 13:15:00,0.371
"2410",2022-06-05 13:30:00,0.37
"2411",2022-06-05 13:45:00,0.367
"2412",2022-06-05 14:00:00,0.371
"2413",2022-06-05 14:15:00,0.371
"2414",2022-06-05 14:30:00,0.368
"2415",2022-06-05 14:45:00,0.368
"2416",2022-06-05 15:00:00,0.368
"2417",2022-06-05 15:15:00,0.371
"2418",2022-06-05 15:30:00,0.372
"2419",2022-06-05 15:45:00,0.37
"2420",2022-06-05 16:00:00,0.37
"2421",2022-06-05 16:15:00,0.37
"2422",2022-06-05 16:30:00,0.399
"2423",2022-06-05 16:45:00,0.476
"2424",2022-06-05 17:00:00,0.547
"2425",2022-06-05 17:15:00,0.62
"2426",2022-06-05 17:30:00,0.684
"2427",2022-06-05 17:45:00,0.729
"2428",2022-06-05 18:00:00,0.771
"2429",2022-06-05 18:15:00,0.795
"2430",2022-06-05 18:30:00,0.797
"2431",2022-06-05 18:45:00,0.774
"2432",2022-06-05 19:00:00,0.74
"2433",2022-06-05 19:15:00,0.691
"2434",2022-06-05 19:30:00,0.63
"2435",2022-06-05 19:45:00,0.557
"2436",2022-06-05 20:00:00,0.481
"2437",2022-06-05 20:15:00,0.406
"2438",2022-06-05 20:30:00,0.369
"2439",2022-06-05 20:45:00,0.367
"2440",2022-06-05 21:00:00,0.37
"2441",2022-06-05 21:15:00,0.367
"2442",2022-06-05 21:30:00,0.369
"2443",2022-06-05 21:45:00,0.367
"2444",2022-06-05 22:00:00,0.368
"2445",2022-06-05 22:15:00,0.367
"2446",2022-06-05 22:30:00,0.367
"2447",2022-06-05 22:45:00,0.368
"2448",2022-06-05 23:00:00,0.367
"2449",2022-06-05 23:15:00,0.367
"2450",2022-06-05 23:30:00,0.369
"2451",2022-06-05 23:45:00,0.368
"2452",2022-06-06 00:00:00,0.368
"2453",2022-06-06 00:15:00,0.367
"2454",2022-06-06 00:30:00,0.368
"2455",2022-06-06 00:45:00,0.371
"2456",2022-06-06 01:00:00,0.369
"2457",2022-06-06 01:15:00,0.367
"2458",2022-06-06 01:30:00,0.37
"2459",2022-06-06 01:45:00,0.369
"2460",2022-06-06 02:00:00,0.368
"2461",2022-06-06 02:15:00,0.368
"2462",2022-06-06 02:30:00,0.368
"2463",2022-06-06 02:45:00,0.369
"2464",2022-06-06 03:00:00,0.368
"2465",2022-06-06 03:15:00,0.368
"2466",2022-06-06 03:30:00,0.368
"2467",2022-06-06 03:45:00,0.369
"2468",2022-06-06 04:00:00,0.441
"2469",2022-06-06 04:15:00,0.533
"2470",2022-06-06 04:30:00,0.616
"2471",2022-06-06 04:45:00,0.7
"2472",2022-06-06 05:00:00,0.777
"2473",2022-06-06 05:15:00,0.844
"2474",2022-06-06 05:30:00,0.903
"2475",2022-06-06 05:45:00,0.952
"2476",2022-06-06 06:00:00,0.986
"2477",2022-06-06 06:15:00,0.998
"2478",2022-06-06 06:30:00,0.994
"2479",2022-06-06 06:45:00,0.974
"2480",2022-06-06 07:00:00,0.922
"2481",2022-06-06 07:15:00,0.86
"2482",2022-06-06 07:30:00,0.787
"2483",2022-06-06 07:45:00,0.706
"2484",2022-06-06 08:00:00,0.631
"2485",2022-06-06 08:15:00,0.536
"2486",2022-06-06 08:30:00,0.44
"2487",2022-06-06 08:45:00,0.371
"2488",2022-06-06 09:00:00,0.369
"2489",2022-06-06 09:15:00,0.37
"2490",2022-06-06 09:30:00,0.368
"2491",2022-06-06 09:45:00,0.37
"2492",2022-06-06 10:00:00,0.37
"2493",2022-06-06 10:15:00,0.369
"2494",2022-06-06 10:30:00,0.37
"2495",2022-06-06 10:45:00,0.373
"2496",2022-06-06 11:00:00,0.369
"2497",2022-06-06 11:15:00,0.371
"2498",2022-06-06 11:30:00,0.373
"2499",2022-06-06 11:45:00,0.371
"2500",2022-06-06 12:00:00,0.37
"2501",2022-06-06 12:15:00,0.372
"2502",2022-06-06 12:30:00,0.371
"2503",2022-06-06 12:45:00,0.374
"2504",2022-06-06 13:00:00,0.37
"2505",2022-06-06 13:15:00,0.374
"2506",2022-06-06 13:30:00,0.371
"2507",2022-06-06 13:45:00,0.373
"2508",2022-06-06 14:00:00,0.374
"2509",2022-06-06 14:15:00,0.375
"2510",2022-06-06 14:30:00,0.374
"2511",2022-06-06 14:45:00,0.373
"2512",2022-06-06 15:00:00,0.374
"2513",2022-06-06 15:15:00,0.375
"2514",2022-06-06 15:30:00,0.374
"2515",2022-06-06 15:45:00,0.377
"2516",2022-06-06 16:00:00,0.375
"2517",2022-06-06 16:15:00,0.375
"2518",2022-06-06 16:30:00,0.375
"2519",2022-06-06 16:45:00,0.375
"2520",2022-06-06 17:00:00,0.373
"2521",2022-06-06 17:15:00,0.383
"2522",2022-06-06 17:30:00,0.465
"2523",2022-06-06 17:45:00,0.549
"2524",2022-06-06 18:00:00,0.615
"2525",2022-06-06 18:15:00,0.682
"2526",2022-06-06 18:30:00,0.731
"2527",2022-06-06 18:45:00,0.773
"2528",2022-06-06 19:00:00,0.794
"2529",2022-06-06 19:15:00,0.801
"2530",2022-06-06 19:30:00,0.783
"2531",2022-06-06 19:45:00,0.749
"2532",2022-06-06 20:00:00,0.697
"2533",2022-06-06 20:15:00,0.636
"2534",2022-06-06 20:30:00,0.56
"2535",2022-06-06 20:45:00,0.489
"2536",2022-06-06 21:00:00,0.409
"2537",2022-06-06 21:15:00,0.371
"2538",2022-06-06 21:30:00,0.372
"2539",2022-06-06 21:45:00,0.371
"2540",2022-06-06 22:00:00,0.373
"2541",2022-06-06 22:15:00,0.37
"2542",2022-06-06 22:30:00,0.373
"2543",2022-06-06 22:45:00,0.369
"2544",2022-06-06 23:00:00,0.37
"2545",2022-06-06 23:15:00,0.37
"2546",2022-06-06 23:30:00,0.371
"2547",2022-06-06 23:45:00,0.371
"2548",2022-06-07 00:00:00,0.37
"2549",2022-06-07 00:15:00,0.371
"2550",2022-06-07 00:30:00,0.37
"2551",2022-06-07 00:45:00,0.37
"2552",2022-06-07 01:00:00,0.372
"2553",2022-06-07 01:15:00,0.372
"2554",2022-06-07 01:30:00,0.371
"2555",2022-06-07 01:45:00,0.37
"2556",2022-06-07 02:00:00,0.371
"2557",2022-06-07 02:15:00,0.37
"2558",2022-06-07 02:30:00,0.372
"2559",2022-06-07 02:45:00,0.372
"2560",2022-06-07 03:00:00,0.37
"2561",2022-06-07 03:15:00,0.372
"2562",2022-06-07 03:30:00,0.371
"2563",2022-06-07 03:45:00,0.372
"2564",2022-06-07 04:00:00,0.372
"2565",2022-06-07 04:15:00,0.371
"2566",2022-06-07 04:30:00,0.37
"2567",2022-06-07 04:45:00,0.376
"2568",2022-06-07 05:00:00,0.462
"2569",2022-06-07 05:15:00,0.547
"2570",2022-06-07 05:30:00,0.633
"2571",2022-06-07 05:45:00,0.706
"2572",2022-06-07 06:00:00,0.774
"2573",2022-06-07 06:15:00,0.835
"2574",2022-06-07 06:30:00,0.89
"2575",2022-06-07 06:45:00,0.925
"2576",2022-06-07 07:00:00,0.945
"2577",2022-06-07 07:15:00,0.95
"2578",2022-06-07 07:30:00,0.932
"2579",2022-06-07 07:45:00,0.893
"2580",2022-06-07 08:00:00,0.839
"2581",2022-06-07 08:15:00,0.774
"2582",2022-06-07 08:30:00,0.695
"2583",2022-06-07 08:45:00,0.62
"2584",2022-06-07 09:00:00,0.532
"2585",2022-06-07 09:15:00,0.439
"2586",2022-06-07 09:30:00,0.374
"2587",2022-06-07 09:45:00,0.372
"2588",2022-06-07 10:00:00,0.376
"2589",2022-06-07 10:15:00,0.373
"2590",2022-06-07 10:30:00,0.372
"2591",2022-06-07 10:45:00,0.374
"2592",2022-06-07 11:00:00,0.375
"2593",2022-06-07 11:15:00,0.373
"2594",2022-06-07 11:30:00,0.376
"2595",2022-06-07 11:45:00,0.375
"2596",2022-06-07 12:00:00,0.374
"2597",2022-06-07 12:15:00,0.375
"2598",2022-06-07 12:30:00,0.377
"2599",2022-06-07 12:45:00,0.373
"2600",2022-06-07 13:00:00,0.374
"2601",2022-06-07 13:15:00,0.377
"2602",2022-06-07 13:30:00,0.376
"2603",2022-06-07 13:45:00,0.376
"2604",2022-06-07 14:00:00,0.375
"2605",2022-06-07 14:15:00,0.377
"2606",2022-06-07 14:30:00,0.377
"2607",2022-06-07 14:45:00,0.378
"2608",2022-06-07 15:00:00,0.375
"2609",2022-06-07 15:15:00,0.375
"2610",2022-06-07 15:30:00,0.376
"2611",2022-06-07 15:45:00,0.375
"2612",2022-06-07 16:00:00,0.376
"2613",2022-06-07 16:15:00,0.377
"2614",2022-06-07 16:30:00,0.374
"2615",2022-06-07 16:45:00,0.375
"2616",2022-06-07 17:00:00,0.374
"2617",2022-06-07 17:15:00,0.379
"2618",2022-06-07 17:30:00,0.375
"2619",2022-06-07 17:45:00,0.376
"2620",2022-06-07 18:00:00,0.414
"2621",2022-06-07 18:15:00,0.507
"2622",2022-06-07 18:30:00,0.589
"2623",2022-06-07 18:45:00,0.651
"2624",2022-06-07 19:00:00,0.711
"2625",2022-06-07 19:15:00,0.776
"2626",2022-06-07 19:30:00,0.813
"2627",2022-06-07 19:45:00,0.844
"2628",2022-06-07 20:00:00,0.849
"2629",2022-06-07 20:15:00,0.84
"2630",2022-06-07 20:30:00,0.815
"2631",2022-06-07 20:45:00,0.766
"2632",2022-06-07 21:00:00,0.695
"2633",2022-06-07 21:15:00,0.632
"2634",2022-06-07 21:30:00,0.551
"2635",2022-06-07 21:45:00,0.466
"2636",2022-06-07 22:00:00,0.391
"2637",2022-06-07 22:15:00,0.371
"2638",2022-06-07 22:30:00,0.373
"2639",2022-06-07 22:45:00,0.375
"2640",2022-06-07 23:00:00,0.373
"2641",2022-06-07 23:15:00,0.374
"2642",2022-06-07 23:30:00,0.375
"2643",2022-06-07 23:45:00,0.374
"2644",2022-06-08 00:00:00,0.376
"2645",2022-06-08 00:15:00,0.377
"2646",2022-06-08 00:30:00,0.377
"2647",2022-06-08 00:45:00,0.375
"2648",2022-06-08 01:00:00,0.375
"2649",2022-06-08 01:15:00,0.377
"2650",2022-06-08 01:30:00,0.374
"2651",2022-06-08 01:45:00,0.374
"2652",2022-06-08 02:00:00,0.376
"2653",2022-06-08 02:15:00,0.376
"2654",2022-06-08 02:30:00,0.377
"2655",2022-06-08 02:45:00,0.374
"2656",2022-06-08 03:00:00,0.376
"2657",2022-06-08 03:15:00,0.376
"2658",2022-06-08 03:30:00,0.375
"2659",2022-06-08 03:45:00,0.377
"2660",2022-06-08 04:00:00,0.376
"2661",2022-06-08 04:15:00,0.375
"2662",2022-06-08 04:30:00,0.379
"2663",2022-06-08 04:45:00,0.378
"2664",2022-06-08 05:00:00,0.375
"2665",2022-06-08 05:15:00,0.377
"2666",2022-06-08 05:30:00,0.374
"2667",2022-06-08 05:45:00,0.391
"2668",2022-06-08 06:00:00,0.469
"2669",2022-06-08 06:15:00,0.566
"2670",2022-06-08 06:30:00,0.657
"2671",2022-06-08 06:45:00,0.726
"2672",2022-06-08 07:00:00,0.804
"2673",2022-06-08 07:15:00,0.864
"2674",2022-06-08 07:30:00,0.91
"2675",2022-06-08 07:45:00,0.949
"2676",2022-06-08 08:00:00,0.975
"2677",2022-06-08 08:15:00,0.974
"2678",2022-06-08 08:30:00,0.952
"2679",2022-06-08 08:45:00,0.919
"2680",2022-06-08 09:00:00,0.857
"2681",2022-06-08 09:15:00,0.791
"2682",2022-06-08 09:30:00,0.719
"2683",2022-06-08 09:45:00,0.638
"2684",2022-06-08 10:00:00,0.55
"2685",2022-06-08 10:15:00,0.461
"2686",2022-06-08 10:30:00,0.375
"2687",2022-06-08 10:45:00,0.371
"2688",2022-06-08 11:00:00,0.375
"2689",2022-06-08 11:15:00,0.374
"2690",2022-06-08 11:30:00,0.37
"2691",2022-06-08 11:45:00,0.373
"2692",2022-06-08 12:00:00,0.375
"2693",2022-06-08 12:15:00,0.376
"2694",2022-06-08 12:30:00,0.378
"2695",2022-06-08 12:45:00,0.375
"2696",2022-06-08 13:00:00,0.377
"2697",2022-06-08 13:15:00,0.376
"2698",2022-06-08 13:30:00,0.377
"2699",2022-06-08 13:45:00,0.376
"2700",2022-06-08 14:00:00,0.376
"2701",2022-06-08 14:15:00,0.375
"2702",2022-06-08 14:30:00,0.375
"2703",2022-06-08 14:45:00,0.374
"2704",2022-06-08 15:00:00,0.377
"2705",2022-06-08 15:15:00,0.378
"2706",2022-06-08 15:30:00,0.378
"2707",2022-06-08 15:45:00,0.373
"2708",2022-06-08 16:00:00,0.377
"2709",2022-06-08 16:15:00,0.377
"2710",2022-06-08 16:30:00,0.376
"2711",2022-06-08 16:45:00,0.376
"2712",2022-06-08 17:00:00,0.376
"2713",2022-06-08 17:15:00,0.377
"2714",2022-06-08 17:30:00,0.378
"2715",2022-06-08 17:45:00,0.377
"2716",2022-06-08 18:00:00,0.377
"2717",2022-06-08 18:15:00,0.377
"2718",2022-06-08 18:30:00,0.377
"2719",2022-06-08 18:45:00,0.455
"2720",2022-06-08 19:00:00,0.542
"2721",2022-06-08 19:15:00,0.635
"2722",2022-06-08 19:30:00,0.711
"2723",2022-06-08 19:45:00,0.785
"2724",2022-06-08 20:00:00,0.841
"2725",2022-06-08 20:15:00,0.894
"2726",2022-06-08 20:30:00,0.928
"2727",2022-06-08 20:45:00,0.947
"2728",2022-06-08 21:00:00,0.946
"2729",2022-06-08 21:15:00,0.921
"2730",2022-06-08 21:30:00,0.88
"2731",2022-06-08 21:45:00,0.82
"2732",2022-06-08 22:00:00,0.754
"2733",2022-06-08 22:15:00,0.676
"2734",2022-06-08 22:30:00,0.601
"2735",2022-06-08 22:45:00,0.51
"2736",2022-06-08 23:00:00,0.418
"2737",2022-06-08 23:15:00,0.375
"2738",2022-06-08 23:30:00,0.374
"2739",2022-06-08 23:45:00,0.372
"2740",2022-06-09 00:00:00,0.377
"2741",2022-06-09 00:15:00,0.376
"2742",2022-06-09 00:30:00,0.374
"2743",2022-06-09 00:45:00,0.377
"2744",2022-06-09 01:00:00,0.376
"2745",2022-06-09 01:15:00,0.378
"2746",2022-06-09 01:30:00,0.376
"2747",2022-06-09 01:45:00,0.374
"2748",2022-06-09 02:00:00,0.376
"2749",2022-06-09 02:15:00,0.376
"2750",2022-06-09 02:30:00,0.378
"2751",2022-06-09 02:45:00,0.376
"2752",2022-06-09 03:00:00,0.374
"2753",2022-06-09 03:15:00,0.376
"2754",2022-06-09 03:30:00,0.377
"2755",2022-06-09 03:45:00,0.376
"2756",2022-06-09 04:00:00,0.375
"2757",2022-06-09 04:15:00,0.376
"2758",2022-06-09 04:30:00,0.377
"2759",2022-06-09 04:45:00,0.374
"2760",2022-06-09 05:00:00,0.376
"2761",2022-06-09 05:15:00,0.379
"2762",2022-06-09 05:30:00,0.377
"2763",2022-06-09 05:45:00,0.376
"2764",2022-06-09 06:00:00,0.376
"2765",2022-06-09 06:15:00,0.376
"2766",2022-06-09 06:30:00,0.378
"2767",2022-06-09 06:45:00,0.391
"2768",2022-06-09 07:00:00,0.483
"2769",2022-06-09 07:15:00,0.572
"2770",2022-06-09 07:30:00,0.656
"2771",2022-06-09 07:45:00,0.736
"2772",2022-06-09 08:00:00,0.807
"2773",2022-06-09 08:15:00,0.865
"2774",2022-06-09 08:30:00,0.922
"2775",2022-06-09 08:45:00,0.974
"2776",2022-06-09 09:00:00,0.973
"2777",2022-06-09 09:15:00,0.977
"2778",2022-06-09 09:30:00,0.986
"2779",2022-06-09 09:45:00,0.919
"2780",2022-06-09 10:00:00,0.866
"2781",2022-06-09 10:15:00,0.813
"2782",2022-06-09 10:30:00,0.715
"2783",2022-06-09 10:45:00,0.663
"2784",2022-06-09 11:00:00,0.54
"2785",2022-06-09 11:15:00,0.443
"2786",2022-06-09 11:30:00,0.4
"2787",2022-06-09 11:45:00,0.376
"2788",2022-06-09 12:00:00,0.375
"2789",2022-06-09 12:15:00,0.377
"2790",2022-06-09 12:30:00,0.376
"2791",2022-06-09 12:45:00,0.377
"2792",2022-06-09 13:00:00,0.376
"2793",2022-06-09 13:15:00,0.375
"2794",2022-06-09 13:30:00,0.374
"2795",2022-06-09 13:45:00,0.377
"2796",2022-06-09 14:00:00,0.377
"2797",2022-06-09 14:15:00,0.374
"2798",2022-06-09 14:30:00,0.376
"2799",2022-06-09 14:45:00,0.378
"2800",2022-06-09 15:00:00,0.377
"2801",2022-06-09 15:15:00,0.376
"2802",2022-06-09 15:30:00,0.377
"2803",2022-06-09 15:45:00,0.375
"2804",2022-06-09 16:00:00,0.375
"2805",2022-06-09 16:15:00,0.374
"2806",2022-06-09 16:30:00,0.372
"2807",2022-06-09 16:45:00,0.372
"2808",2022-06-09 17:00:00,0.375
"2809",2022-06-09 17:15:00,0.374
"2810",2022-06-09 17:30:00,0.376
"2811",2022-06-09 17:45:00,0.374
"2812",2022-06-09 18:00:00,0.374
"2813",2022-06-09 18:15:00,0.374
"2814",2022-06-09 18:30:00,0.375
"2815",2022-06-09 18:45:00,0.375
"2816",2022-06-09 19:00:00,0.408
"2817",2022-06-09 19:15:00,0.505
"2818",2022-06-09 19:30:00,0.606
"2819",2022-06-09 19:45:00,0.692
"2820",2022-06-09 20:00:00,0.785
"2821",2022-06-09 20:15:00,0.871
"2822",2022-06-09 20:30:00,0.941
"2823",2022-06-09 20:45:00,1.003
"2824",2022-06-09 21:00:00,1.061
"2825",2022-06-09 21:15:00,1.097
"2826",2022-06-09 21:30:00,1.118
"2827",2022-06-09 21:45:00,1.118
"2828",2022-06-09 22:00:00,1.092
"2829",2022-06-09 22:15:00,1.052
"2830",2022-06-09 22:30:00,0.991
"2831",2022-06-09 22:45:00,0.913
"2832",2022-06-09 23:00:00,0.837
"2833",2022-06-09 23:15:00,0.754
"2834",2022-06-09 23:30:00,0.658
"2835",2022-06-09 23:45:00,0.562
"2836",2022-06-10 00:00:00,0.462
"2837",2022-06-10 00:15:00,0.376
"2838",2022-06-10 00:30:00,0.374
"2839",2022-06-10 00:45:00,0.373
"2840",2022-06-10 01:00:00,0.375
"2841",2022-06-10 01:15:00,0.374
"2842",2022-06-10 01:30:00,0.373
"2843",2022-06-10 01:45:00,0.374
"2844",2022-06-10 02:00:00,0.374
"2845",2022-06-10 02:15:00,0.374
"2846",2022-06-10 02:30:00,0.376
"2847",2022-06-10 02:45:00,0.377
"2848",2022-06-10 03:00:00,0.374
"2849",2022-06-10 03:15:00,0.376
"2850",2022-06-10 03:30:00,0.375
"2851",2022-06-10 03:45:00,0.376
"2852",2022-06-10 04:00:00,0.375
"2853",2022-06-10 04:15:00,0.376
"2854",2022-06-10 04:30:00,0.376
"2855",2022-06-10 04:45:00,0.374
"2856",2022-06-10 05:00:00,0.375
"2857",2022-06-10 05:15:00,0.376
"2858",2022-06-10 05:30:00,0.375
"2859",2022-06-10 05:45:00,0.375
"2860",2022-06-10 06:00:00,0.375
"2861",2022-06-10 06:15:00,0.376
"2862",2022-06-10 06:30:00,0.374
"2863",2022-06-10 06:45:00,0.375
"2864",2022-06-10 07:00:00,0.374
"2865",2022-06-10 07:15:00,0.374
"2866",2022-06-10 07:30:00,0.376
"2867",2022-06-10 07:45:00,0.381
"2868",2022-06-10 08:00:00,0.472
"2869",2022-06-10 08:15:00,0.565
"2870",2022-06-10 08:30:00,0.65
"2871",2022-06-10 08:45:00,0.731
"2872",2022-06-10 09:00:00,0.796
"2873",2022-06-10 09:15:00,0.873
"2874",2022-06-10 09:30:00,0.912
"2875",2022-06-10 09:45:00,0.95
"2876",2022-06-10 10:00:00,0.964
"2877",2022-06-10 10:15:00,0.955
"2878",2022-06-10 10:30:00,0.927
"2879",2022-06-10 10:45:00,0.878
