Date.Time,WLR
5/5/2022 11:00,0.374
5/5/2022 11:15,0.374
5/5/2022 11:30,0.373
5/5/2022 11:45,0.373
5/5/2022 12:00,0.372
5/5/2022 12:15,0.374
5/5/2022 12:30,0.374
5/5/2022 12:45,0.373
5/5/2022 13:00,0.374
5/5/2022 13:15,0.373
5/5/2022 13:30,0.373
5/5/2022 13:45,0.375
5/5/2022 14:00,0.375
5/5/2022 14:15,0.374
5/5/2022 14:30,0.375
5/5/2022 14:45,0.379
5/5/2022 15:00,0.377
5/5/2022 15:15,0.38
5/5/2022 15:30,0.38
5/5/2022 15:45,0.422
5/5/2022 16:00,0.515
5/5/2022 16:15,0.583
5/5/2022 16:30,0.641
5/5/2022 16:45,0.669
5/5/2022 17:00,0.719
5/5/2022 17:15,0.738
5/5/2022 17:30,0.741
5/5/2022 17:45,0.72
5/5/2022 18:00,0.672
5/5/2022 18:15,0.615
5/5/2022 18:30,0.552
5/5/2022 18:45,0.469
5/5/2022 19:00,0.403
5/5/2022 19:15,0.373
5/5/2022 19:30,0.373
5/5/2022 19:45,0.375
5/5/2022 20:00,0.375
5/5/2022 20:15,0.374
5/5/2022 20:30,0.376
5/5/2022 20:45,0.374
5/5/2022 21:00,0.375
5/5/2022 21:15,0.375
5/5/2022 21:30,0.374
5/5/2022 21:45,0.373
5/5/2022 22:00,0.374
5/5/2022 22:15,0.374
5/5/2022 22:30,0.375
5/5/2022 22:45,0.377
5/5/2022 23:00,0.376
5/5/2022 23:15,0.373
5/5/2022 23:30,0.375
5/5/2022 23:45,0.374
5/6/2022 0:00,0.375
5/6/2022 0:15,0.374
5/6/2022 0:30,0.374
5/6/2022 0:45,0.376
5/6/2022 1:00,0.374
5/6/2022 1:15,0.374
5/6/2022 1:30,0.374
5/6/2022 1:45,0.375
5/6/2022 2:00,0.376
5/6/2022 2:15,0.371
5/6/2022 2:30,0.374
5/6/2022 2:45,0.394
5/6/2022 3:00,0.486
5/6/2022 3:15,0.577
5/6/2022 3:30,0.668
5/6/2022 3:45,0.75
5/6/2022 4:00,0.827
5/6/2022 4:15,0.895
5/6/2022 4:30,0.955
5/6/2022 4:45,0.998
5/6/2022 5:00,1.029
5/6/2022 5:15,1.04
5/6/2022 5:30,1.03
5/6/2022 5:45,0.993
5/6/2022 6:00,0.947
5/6/2022 6:15,0.884
5/6/2022 6:30,0.803
5/6/2022 6:45,0.727
5/6/2022 7:00,0.643
5/6/2022 7:15,0.549
5/6/2022 7:30,0.454
5/6/2022 7:45,0.371
5/6/2022 8:00,0.374
5/6/2022 8:15,0.373
5/6/2022 8:30,0.374
5/6/2022 8:45,0.375
5/6/2022 9:00,0.376
5/6/2022 9:15,0.376
5/6/2022 9:30,0.372
5/6/2022 9:45,0.375
5/6/2022 10:00,0.374
5/6/2022 10:15,0.374
5/6/2022 10:30,0.373
5/6/2022 10:45,0.376
5/6/2022 11:00,0.374
5/6/2022 11:15,0.374
5/6/2022 11:30,0.374
5/6/2022 11:45,0.376
5/6/2022 12:00,0.373
5/6/2022 12:15,0.374
5/6/2022 12:30,0.375
5/6/2022 12:45,0.373
5/6/2022 13:00,0.375
5/6/2022 13:15,0.374
5/6/2022 13:30,0.379
5/6/2022 13:45,0.375
5/6/2022 14:00,0.375
5/6/2022 14:15,0.376
5/6/2022 14:30,0.374
5/6/2022 14:45,0.373
5/6/2022 15:00,0.373
5/6/2022 15:15,0.374
5/6/2022 15:30,0.374
5/6/2022 15:45,0.373
5/6/2022 16:00,0.374
5/6/2022 16:15,0.395
5/6/2022 16:30,0.467
5/6/2022 16:45,0.537
5/6/2022 17:00,0.614
5/6/2022 17:15,0.662
5/6/2022 17:30,0.715
5/6/2022 17:45,0.745
5/6/2022 18:00,0.757
5/6/2022 18:15,0.755
5/6/2022 18:30,0.731
5/6/2022 18:45,0.694
5/6/2022 19:00,0.637
5/6/2022 19:15,0.571
5/6/2022 19:30,0.5
5/6/2022 19:45,0.429
5/6/2022 20:00,0.368
5/6/2022 20:15,0.368
5/6/2022 20:30,0.367
5/6/2022 20:45,0.368
5/6/2022 21:00,0.366
5/6/2022 21:15,0.368
5/6/2022 21:30,0.369
5/6/2022 21:45,0.367
5/6/2022 22:00,0.369
5/6/2022 22:15,0.369
5/6/2022 22:30,0.368
5/6/2022 22:45,0.369
5/6/2022 23:00,0.368
5/6/2022 23:15,0.368
5/6/2022 23:30,0.369
5/6/2022 23:45,0.369
5/7/2022 0:00,0.371
5/7/2022 0:15,0.37
5/7/2022 0:30,0.368
5/7/2022 0:45,0.374
5/7/2022 1:00,0.375
5/7/2022 1:15,0.376
5/7/2022 1:30,0.374
5/7/2022 1:45,0.375
5/7/2022 2:00,0.375
5/7/2022 2:15,0.374
5/7/2022 2:30,0.376
5/7/2022 2:45,0.374
5/7/2022 3:00,0.374
5/7/2022 3:15,0.376
5/7/2022 3:30,0.426
5/7/2022 3:45,0.511
5/7/2022 4:00,0.6
5/7/2022 4:15,0.685
5/7/2022 4:30,0.763
5/7/2022 4:45,0.844
5/7/2022 5:00,0.912
5/7/2022 5:15,0.965
5/7/2022 5:30,1.008
5/7/2022 5:45,1.043
5/7/2022 6:00,1.055
5/7/2022 6:15,1.041
5/7/2022 6:30,1.019
5/7/2022 6:45,0.973
5/7/2022 7:00,0.922
5/7/2022 7:15,0.858
5/7/2022 7:30,0.765
5/7/2022 7:45,0.689
5/7/2022 8:00,0.601
5/7/2022 8:15,0.497
5/7/2022 8:30,0.417
5/7/2022 8:45,0.372
5/7/2022 9:00,0.373
5/7/2022 9:15,0.371
5/7/2022 9:30,0.372
5/7/2022 9:45,0.37
5/7/2022 10:00,0.369
5/7/2022 10:15,0.371
5/7/2022 10:30,0.374
5/7/2022 10:45,0.374
5/7/2022 11:00,0.374
5/7/2022 11:15,0.372
5/7/2022 11:30,0.376
5/7/2022 11:45,0.376
5/7/2022 12:00,0.375
5/7/2022 12:15,0.374
5/7/2022 12:30,0.374
5/7/2022 12:45,0.374
5/7/2022 13:00,0.376
5/7/2022 13:15,0.377
5/7/2022 13:30,0.374
5/7/2022 13:45,0.374
5/7/2022 14:00,0.375
5/7/2022 14:15,0.376
5/7/2022 14:30,0.375
5/7/2022 14:45,0.374
5/7/2022 15:00,0.375
5/7/2022 15:15,0.377
5/7/2022 15:30,0.373
5/7/2022 15:45,0.376
5/7/2022 16:00,0.373
5/7/2022 16:15,0.374
5/7/2022 16:30,0.377
5/7/2022 16:45,0.386
5/7/2022 17:00,0.428
5/7/2022 17:15,0.53
5/7/2022 17:30,0.584
5/7/2022 17:45,0.655
5/7/2022 18:00,0.718
5/7/2022 18:15,0.748
5/7/2022 18:30,0.779
5/7/2022 18:45,0.795
5/7/2022 19:00,0.792
5/7/2022 19:15,0.769
5/7/2022 19:30,0.733
5/7/2022 19:45,0.678
5/7/2022 20:00,0.624
5/7/2022 20:15,0.549
5/7/2022 20:30,0.477
5/7/2022 20:45,0.399
5/7/2022 21:00,0.369
5/7/2022 21:15,0.371
5/7/2022 21:30,0.372
5/7/2022 21:45,0.368
5/7/2022 22:00,0.37
5/7/2022 22:15,0.371
5/7/2022 22:30,0.371
5/7/2022 22:45,0.372
5/7/2022 23:00,0.374
5/7/2022 23:15,0.371
5/7/2022 23:30,0.369
5/7/2022 23:45,0.371
5/8/2022 0:00,0.372
5/8/2022 0:15,0.371
5/8/2022 0:30,0.372
5/8/2022 0:45,0.372
5/8/2022 1:00,0.37
5/8/2022 1:15,0.374
5/8/2022 1:30,0.372
5/8/2022 1:45,0.371
5/8/2022 2:00,0.371
5/8/2022 2:15,0.373
5/8/2022 2:30,0.374
5/8/2022 2:45,0.373
5/8/2022 3:00,0.372
5/8/2022 3:15,0.374
5/8/2022 3:30,0.372
5/8/2022 3:45,0.375
5/8/2022 4:00,0.373
5/8/2022 4:15,0.409
5/8/2022 4:30,0.5
5/8/2022 4:45,0.58
5/8/2022 5:00,0.657
5/8/2022 5:15,0.733
5/8/2022 5:30,0.807
5/8/2022 5:45,0.868
5/8/2022 6:00,0.925
5/8/2022 6:15,0.969
5/8/2022 6:30,0.996
5/8/2022 6:45,1.014
5/8/2022 7:00,1.008
5/8/2022 7:15,0.984
5/8/2022 7:30,0.948
5/8/2022 7:45,0.891
5/8/2022 8:00,0.826
5/8/2022 8:15,0.751
5/8/2022 8:30,0.681
5/8/2022 8:45,0.592
5/8/2022 9:00,0.501
5/8/2022 9:15,0.403
5/8/2022 9:30,0.371
5/8/2022 9:45,0.372
5/8/2022 10:00,0.374
5/8/2022 10:15,0.37
5/8/2022 10:30,0.373
5/8/2022 10:45,0.372
5/8/2022 11:00,0.373
5/8/2022 11:15,0.372
5/8/2022 11:30,0.371
5/8/2022 11:45,0.373
5/8/2022 12:00,0.375
5/8/2022 12:15,0.374
5/8/2022 12:30,0.374
5/8/2022 12:45,0.375
5/8/2022 13:00,0.373
5/8/2022 13:15,0.374
5/8/2022 13:30,0.375
5/8/2022 13:45,0.374
5/8/2022 14:00,0.376
5/8/2022 14:15,0.375
5/8/2022 14:30,0.375
5/8/2022 14:45,0.376
5/8/2022 15:00,0.373
5/8/2022 15:15,0.376
5/8/2022 15:30,0.376
5/8/2022 15:45,0.375
5/8/2022 16:00,0.374
5/8/2022 16:15,0.377
5/8/2022 16:30,0.373
5/8/2022 16:45,0.376
5/8/2022 17:00,0.376
5/8/2022 17:15,0.375
5/8/2022 17:30,0.376
5/8/2022 17:45,0.385
5/8/2022 18:00,0.451
5/8/2022 18:15,0.523
5/8/2022 18:30,0.587
5/8/2022 18:45,0.639
5/8/2022 19:00,0.695
5/8/2022 19:15,0.732
5/8/2022 19:30,0.755
5/8/2022 19:45,0.764
5/8/2022 20:00,0.757
5/8/2022 20:15,0.727
5/8/2022 20:30,0.684
5/8/2022 20:45,0.634
5/8/2022 21:00,0.572
5/8/2022 21:15,0.503
5/8/2022 21:30,0.43
5/8/2022 21:45,0.369
5/8/2022 22:00,0.37
5/8/2022 22:15,0.369
5/8/2022 22:30,0.371
5/8/2022 22:45,0.373
5/8/2022 23:00,0.372
5/8/2022 23:15,0.37
5/8/2022 23:30,0.371
5/8/2022 23:45,0.371
5/9/2022 0:00,0.372
5/9/2022 0:15,0.371
5/9/2022 0:30,0.373
5/9/2022 0:45,0.372
5/9/2022 1:00,0.372
5/9/2022 1:15,0.372
5/9/2022 1:30,0.372
5/9/2022 1:45,0.371
5/9/2022 2:00,0.371
5/9/2022 2:15,0.37
5/9/2022 2:30,0.371
5/9/2022 2:45,0.373
5/9/2022 3:00,0.371
5/9/2022 3:15,0.37
5/9/2022 3:30,0.373
5/9/2022 3:45,0.372
5/9/2022 4:00,0.372
5/9/2022 4:15,0.371
5/9/2022 4:30,0.37
5/9/2022 4:45,0.369
5/9/2022 5:00,0.37
5/9/2022 5:15,0.41
5/9/2022 5:30,0.491
5/9/2022 5:45,0.579
5/9/2022 6:00,0.655
5/9/2022 6:15,0.729
5/9/2022 6:30,0.794
5/9/2022 6:45,0.852
5/9/2022 7:00,0.899
5/9/2022 7:15,0.936
5/9/2022 7:30,0.961
5/9/2022 7:45,0.969
5/9/2022 8:00,0.961
5/9/2022 8:15,0.939
5/9/2022 8:30,0.888
5/9/2022 8:45,0.834
5/9/2022 9:00,0.763
5/9/2022 9:15,0.686
5/9/2022 9:30,0.601
5/9/2022 9:45,0.533
5/9/2022 10:00,0.446
5/9/2022 10:15,0.372
5/9/2022 10:30,0.373
5/9/2022 10:45,0.376
5/9/2022 11:00,0.376
5/9/2022 11:15,0.375
5/9/2022 11:30,0.378
5/9/2022 11:45,0.376
5/9/2022 12:00,0.374
5/9/2022 12:15,0.372
5/9/2022 12:30,0.373
5/9/2022 12:45,0.374
5/9/2022 13:00,0.374
5/9/2022 13:15,0.375
5/9/2022 13:30,0.378
5/9/2022 13:45,0.375
5/9/2022 14:00,0.376
5/9/2022 14:15,0.375
5/9/2022 14:30,0.374
5/9/2022 14:45,0.377
5/9/2022 15:00,0.378
5/9/2022 15:15,0.378
5/9/2022 15:30,0.378
5/9/2022 15:45,0.376
5/9/2022 16:00,0.375
5/9/2022 16:15,0.375
5/9/2022 16:30,0.377
5/9/2022 16:45,0.378
5/9/2022 17:00,0.378
5/9/2022 17:15,0.377
5/9/2022 17:30,0.375
5/9/2022 17:45,0.374
5/9/2022 18:00,0.376
5/9/2022 18:15,0.376
5/9/2022 18:30,0.383
5/9/2022 18:45,0.439
5/9/2022 19:00,0.532
5/9/2022 19:15,0.598
5/9/2022 19:30,0.664
5/9/2022 19:45,0.714
5/9/2022 20:00,0.761
5/9/2022 20:15,0.792
5/9/2022 20:30,0.812
5/9/2022 20:45,0.815
5/9/2022 21:00,0.791
5/9/2022 21:15,0.763
5/9/2022 21:30,0.713
5/9/2022 21:45,0.65
5/9/2022 22:00,0.593
5/9/2022 22:15,0.518
5/9/2022 22:30,0.434
5/9/2022 22:45,0.366
5/9/2022 23:00,0.37
5/9/2022 23:15,0.373
5/9/2022 23:30,0.372
5/9/2022 23:45,0.374
5/10/2022 0:00,0.375
5/10/2022 0:15,0.375
5/10/2022 0:30,0.375
5/10/2022 0:45,0.373
5/10/2022 1:00,0.374
5/10/2022 1:15,0.374
5/10/2022 1:30,0.375
5/10/2022 1:45,0.376
5/10/2022 2:00,0.374
5/10/2022 2:15,0.374
5/10/2022 2:30,0.376
5/10/2022 2:45,0.374
5/10/2022 3:00,0.374
5/10/2022 3:15,0.376
5/10/2022 3:30,0.373
5/10/2022 3:45,0.373
5/10/2022 4:00,0.374
5/10/2022 4:15,0.374
5/10/2022 4:30,0.374
5/10/2022 4:45,0.375
5/10/2022 5:00,0.375
5/10/2022 5:15,0.374
5/10/2022 5:30,0.374
5/10/2022 5:45,0.374
5/10/2022 6:00,0.375
5/10/2022 6:15,0.387
5/10/2022 6:30,0.466
5/10/2022 6:45,0.553
5/10/2022 7:00,0.624
5/10/2022 7:15,0.698
5/10/2022 7:30,0.761
5/10/2022 7:45,0.825
5/10/2022 8:00,0.873
5/10/2022 8:15,0.916
5/10/2022 8:30,0.939
5/10/2022 8:45,0.943
5/10/2022 9:00,0.928
5/10/2022 9:15,0.902
5/10/2022 9:30,0.848
5/10/2022 9:45,0.798
5/10/2022 10:00,0.72
5/10/2022 10:15,0.658
5/10/2022 10:30,0.58
5/10/2022 10:45,0.484
5/10/2022 11:00,0.401
5/10/2022 11:15,0.377
5/10/2022 11:30,0.375
5/10/2022 11:45,0.376
5/10/2022 12:00,0.375
5/10/2022 12:15,0.375
5/10/2022 12:30,0.376
5/10/2022 12:45,0.375
5/10/2022 13:00,0.377
5/10/2022 13:15,0.376
5/10/2022 13:30,0.376
5/10/2022 13:45,0.375
5/10/2022 14:00,0.375
5/10/2022 14:15,0.378
5/10/2022 14:30,0.376
5/10/2022 14:45,0.374
5/10/2022 15:00,0.375
5/10/2022 15:15,0.377
5/10/2022 15:30,0.377
5/10/2022 15:45,0.378
5/10/2022 16:00,0.376
5/10/2022 16:15,0.377
5/10/2022 16:30,0.378
5/10/2022 16:45,0.375
5/10/2022 17:00,0.378
5/10/2022 17:15,0.375
5/10/2022 17:30,0.377
5/10/2022 17:45,0.375
5/10/2022 18:00,0.372
5/10/2022 18:15,0.374
5/10/2022 18:30,0.374
5/10/2022 18:45,0.375
5/10/2022 19:00,0.374
5/10/2022 19:15,0.375
5/10/2022 19:30,0.377
5/10/2022 19:45,0.465
5/10/2022 20:00,0.547
5/10/2022 20:15,0.624
5/10/2022 20:30,0.683
5/10/2022 20:45,0.748
5/10/2022 21:00,0.793
5/10/2022 21:15,0.823
5/10/2022 21:30,0.843
5/10/2022 21:45,0.847
5/10/2022 22:00,0.821
5/10/2022 22:15,0.787
5/10/2022 22:30,0.735
5/10/2022 22:45,0.673
5/10/2022 23:00,0.6
5/10/2022 23:15,0.524
5/10/2022 23:30,0.445
5/10/2022 23:45,0.367
5/11/2022 0:00,0.369
5/11/2022 0:15,0.371
5/11/2022 0:30,0.37
5/11/2022 0:45,0.37
5/11/2022 1:00,0.368
5/11/2022 1:15,0.37
5/11/2022 1:30,0.37
5/11/2022 1:45,0.369
5/11/2022 2:00,0.37
5/11/2022 2:15,0.369
5/11/2022 2:30,0.368
5/11/2022 2:45,0.37
5/11/2022 3:00,0.369
5/11/2022 3:15,0.369
5/11/2022 3:30,0.37
5/11/2022 3:45,0.37
5/11/2022 4:00,0.369
5/11/2022 4:15,0.371
5/11/2022 4:30,0.371
5/11/2022 4:45,0.37
5/11/2022 5:00,0.372
5/11/2022 5:15,0.37
5/11/2022 5:30,0.369
5/11/2022 5:45,0.372
5/11/2022 6:00,0.373
5/11/2022 6:15,0.372
5/11/2022 6:30,0.37
5/11/2022 6:45,0.374
5/11/2022 7:00,0.377
5/11/2022 7:15,0.377
5/11/2022 7:30,0.423
5/11/2022 7:45,0.496
5/11/2022 8:00,0.569
5/11/2022 8:15,0.647
5/11/2022 8:30,0.711
5/11/2022 8:45,0.777
5/11/2022 9:00,0.822
5/11/2022 9:15,0.859
5/11/2022 9:30,0.887
5/11/2022 9:45,0.89
5/11/2022 10:00,0.877
5/11/2022 10:15,0.838
5/11/2022 10:30,0.791
5/11/2022 10:45,0.726
5/11/2022 11:00,0.658
5/11/2022 11:15,0.586
5/11/2022 11:30,0.497
5/11/2022 11:45,0.409
5/11/2022 12:00,0.368
5/11/2022 12:15,0.374
5/11/2022 12:30,0.372
5/11/2022 12:45,0.372
5/11/2022 13:00,0.373
5/11/2022 13:15,0.374
5/11/2022 13:30,0.372
5/11/2022 13:45,0.374
5/11/2022 14:00,0.372
5/11/2022 14:15,0.371
5/11/2022 14:30,0.373
5/11/2022 14:45,0.375
5/11/2022 15:00,0.374
5/11/2022 15:15,0.378
5/11/2022 15:30,0.376
5/11/2022 15:45,0.377
5/11/2022 16:00,0.377
5/11/2022 16:15,0.376
5/11/2022 16:30,0.377
5/11/2022 16:45,0.377
5/11/2022 17:00,0.376
5/11/2022 17:15,0.375
5/11/2022 17:30,0.374
5/11/2022 17:45,0.374
5/11/2022 18:00,0.374
5/11/2022 18:15,0.375
5/11/2022 18:30,0.375
5/11/2022 18:45,0.377
5/11/2022 19:00,0.377
5/11/2022 19:15,0.374
5/11/2022 19:30,0.375
5/11/2022 19:45,0.376
5/11/2022 20:00,0.375
5/11/2022 20:15,0.376
5/11/2022 20:30,0.438
5/11/2022 20:45,0.521
5/11/2022 21:00,0.593
5/11/2022 21:15,0.665
5/11/2022 21:30,0.738
5/11/2022 21:45,0.788
5/11/2022 22:00,0.831
5/11/2022 22:15,0.85
5/11/2022 22:30,0.854
5/11/2022 22:45,0.838
5/11/2022 23:00,0.801
5/11/2022 23:15,0.744
5/11/2022 23:30,0.679
5/11/2022 23:45,0.599
5/12/2022 0:00,0.519
5/12/2022 0:15,0.432
5/12/2022 0:30,0.367
5/12/2022 0:45,0.371
5/12/2022 1:00,0.369
5/12/2022 1:15,0.37
5/12/2022 1:30,0.369
5/12/2022 1:45,0.37
5/12/2022 2:00,0.374
5/12/2022 2:15,0.374
5/12/2022 2:30,0.371
5/12/2022 2:45,0.372
5/12/2022 3:00,0.37
5/12/2022 3:15,0.371
5/12/2022 3:30,0.371
5/12/2022 3:45,0.374
5/12/2022 4:00,0.371
5/12/2022 4:15,0.374
5/12/2022 4:30,0.371
5/12/2022 4:45,0.37
5/12/2022 5:00,0.371
5/12/2022 5:15,0.373
5/12/2022 5:30,0.371
5/12/2022 5:45,0.371
5/12/2022 6:00,0.372
5/12/2022 6:15,0.372
5/12/2022 6:30,0.369
5/12/2022 6:45,0.371
5/12/2022 7:00,0.372
5/12/2022 7:15,0.371
5/12/2022 7:30,0.372
5/12/2022 7:45,0.371
5/12/2022 8:00,0.37
5/12/2022 8:15,0.372
5/12/2022 8:30,0.372
5/12/2022 8:45,0.403
5/12/2022 9:00,0.493
5/12/2022 9:15,0.576
5/12/2022 9:30,0.644
5/12/2022 9:45,0.714
5/12/2022 10:00,0.769
5/12/2022 10:15,0.814
5/12/2022 10:30,0.839
5/12/2022 10:45,0.853
5/12/2022 11:00,0.834
5/12/2022 11:15,0.8
5/12/2022 11:30,0.748
5/12/2022 11:45,0.682
5/12/2022 12:00,0.602
5/12/2022 12:15,0.531
5/12/2022 12:30,0.439
5/12/2022 12:45,0.371
5/12/2022 13:00,0.372
5/12/2022 13:15,0.371
5/12/2022 13:30,0.373
5/12/2022 13:45,0.374
5/12/2022 14:00,0.373
5/12/2022 14:15,0.378
5/12/2022 14:30,0.375
5/12/2022 14:45,0.375
5/12/2022 15:00,0.377
5/12/2022 15:15,0.377
5/12/2022 15:30,0.375
5/12/2022 15:45,0.375
5/12/2022 16:00,0.376
5/12/2022 16:15,0.378
5/12/2022 16:30,0.377
5/12/2022 16:45,0.377
5/12/2022 17:00,0.375
5/12/2022 17:15,0.375
5/12/2022 17:30,0.375
5/12/2022 17:45,0.373
5/12/2022 18:00,0.375
5/12/2022 18:15,0.375
5/12/2022 18:30,0.374
5/12/2022 18:45,0.374
5/12/2022 19:00,0.375
5/12/2022 19:15,0.375
5/12/2022 19:30,0.377
5/12/2022 19:45,0.375
5/12/2022 20:00,0.375
5/12/2022 20:15,0.375
5/12/2022 20:30,0.373
5/12/2022 20:45,0.375
5/12/2022 21:00,0.374
5/12/2022 21:15,0.432
5/12/2022 21:30,0.526
5/12/2022 21:45,0.61
5/12/2022 22:00,0.701
5/12/2022 22:15,0.772
5/12/2022 22:30,0.834
5/12/2022 22:45,0.885
5/12/2022 23:00,0.921
5/12/2022 23:15,0.933
5/12/2022 23:30,0.921
5/12/2022 23:45,0.883
5/13/2022 0:00,0.828
5/13/2022 0:15,0.765
5/13/2022 0:30,0.681
5/13/2022 0:45,0.603
5/13/2022 1:00,0.51
5/13/2022 1:15,0.415
5/13/2022 1:30,0.371
5/13/2022 1:45,0.371
5/13/2022 2:00,0.373
5/13/2022 2:15,0.374
5/13/2022 2:30,0.373
5/13/2022 2:45,0.373
5/13/2022 3:00,0.374
5/13/2022 3:15,0.373
5/13/2022 3:30,0.374
5/13/2022 3:45,0.374
5/13/2022 4:00,0.374
5/13/2022 4:15,0.373
5/13/2022 4:30,0.373
5/13/2022 4:45,0.372
5/13/2022 5:00,0.371
5/13/2022 5:15,0.372
5/13/2022 5:30,0.371
5/13/2022 5:45,0.372
5/13/2022 6:00,0.374
5/13/2022 6:15,0.374
5/13/2022 6:30,0.374
5/13/2022 6:45,0.373
5/13/2022 7:00,0.374
5/13/2022 7:15,0.373
5/13/2022 7:30,0.374
5/13/2022 7:45,0.374
5/13/2022 8:00,0.374
5/13/2022 8:15,0.374
5/13/2022 8:30,0.375
5/13/2022 8:45,0.376
5/13/2022 9:00,0.374
5/13/2022 9:15,0.375
5/13/2022 9:30,0.377
5/13/2022 9:45,0.431
5/13/2022 10:00,0.528
5/13/2022 10:15,0.617
5/13/2022 10:30,0.694
5/13/2022 10:45,0.769
5/13/2022 11:00,0.823
5/13/2022 11:15,0.869
5/13/2022 11:30,0.885
5/13/2022 11:45,0.888
5/13/2022 12:00,0.856
5/13/2022 12:15,0.814
5/13/2022 12:30,0.754
5/13/2022 12:45,0.671
5/13/2022 13:00,0.594
5/13/2022 13:15,0.506
5/13/2022 13:30,0.41
5/13/2022 13:45,0.369
5/13/2022 14:00,0.373
5/13/2022 14:15,0.373
5/13/2022 14:30,0.373
5/13/2022 14:45,0.377
5/13/2022 15:00,0.375
5/13/2022 15:15,0.374
5/13/2022 15:30,0.376
5/13/2022 15:45,0.376
5/13/2022 16:00,0.374
5/13/2022 16:15,0.375
5/13/2022 16:30,0.376
5/13/2022 16:45,0.375
5/13/2022 17:00,0.378
5/13/2022 17:15,0.376
5/13/2022 17:30,0.373
5/13/2022 17:45,0.374
5/13/2022 18:00,0.372
5/13/2022 18:15,0.373
5/13/2022 18:30,0.374
5/13/2022 18:45,0.373
5/13/2022 19:00,0.375
5/13/2022 19:15,0.372
5/13/2022 19:30,0.375
5/13/2022 19:45,0.373
5/13/2022 20:00,0.373
5/13/2022 20:15,0.372
5/13/2022 20:30,0.372
5/13/2022 20:45,0.375
5/13/2022 21:00,0.374
5/13/2022 21:15,0.375
5/13/2022 21:30,0.374
5/13/2022 21:45,0.426
5/13/2022 22:00,0.529
5/13/2022 22:15,0.635
5/13/2022 22:30,0.737
5/13/2022 22:45,0.819
5/13/2022 23:00,0.902
5/13/2022 23:15,0.973
5/13/2022 23:30,1.025
5/13/2022 23:45,1.06
5/14/2022 0:00,1.071
5/14/2022 0:15,1.061
5/14/2022 0:30,1.019
5/14/2022 0:45,0.959
5/14/2022 1:00,0.891
5/14/2022 1:15,0.805
5/14/2022 1:30,0.714
5/14/2022 1:45,0.623
5/14/2022 2:00,0.513
5/14/2022 2:15,0.413
5/14/2022 2:30,0.377
5/14/2022 2:45,0.377
5/14/2022 3:00,0.375
5/14/2022 3:15,0.376
5/14/2022 3:30,0.375
5/14/2022 3:45,0.375
5/14/2022 4:00,0.375
5/14/2022 4:15,0.374
5/14/2022 4:30,0.374
5/14/2022 4:45,0.373
5/14/2022 5:00,0.377
5/14/2022 5:15,0.374
5/14/2022 5:30,0.374
5/14/2022 5:45,0.375
5/14/2022 6:00,0.375
5/14/2022 6:15,0.373
5/14/2022 6:30,0.376
5/14/2022 6:45,0.374
5/14/2022 7:00,0.376
5/14/2022 7:15,0.375
5/14/2022 7:30,0.378
5/14/2022 7:45,0.374
5/14/2022 8:00,0.375
5/14/2022 8:15,0.375
5/14/2022 8:30,0.375
5/14/2022 8:45,0.377
5/14/2022 9:00,0.375
5/14/2022 9:15,0.376
5/14/2022 9:30,0.373
5/14/2022 9:45,0.374
5/14/2022 10:00,0.372
5/14/2022 10:15,0.374
5/14/2022 10:30,0.374
5/14/2022 10:45,0.445
5/14/2022 11:00,0.543
5/14/2022 11:15,0.626
5/14/2022 11:30,0.713
5/14/2022 11:45,0.781
5/14/2022 12:00,0.838
5/14/2022 12:15,0.872
5/14/2022 12:30,0.889
5/14/2022 12:45,0.875
5/14/2022 13:00,0.836
5/14/2022 13:15,0.78
5/14/2022 13:30,0.708
5/14/2022 13:45,0.629
5/14/2022 14:00,0.54
5/14/2022 14:15,0.448
5/14/2022 14:30,0.369
5/14/2022 14:45,0.374
5/14/2022 15:00,0.371
5/14/2022 15:15,0.373
5/14/2022 15:30,0.372
5/14/2022 15:45,0.373
5/14/2022 16:00,0.372
5/14/2022 16:15,0.372
5/14/2022 16:30,0.372
5/14/2022 16:45,0.373
5/14/2022 17:00,0.374
5/14/2022 17:15,0.373
5/14/2022 17:30,0.372
5/14/2022 17:45,0.374
5/14/2022 18:00,0.373
5/14/2022 18:15,0.375
5/14/2022 18:30,0.374
5/14/2022 18:45,0.375
5/14/2022 19:00,0.376
5/14/2022 19:15,0.377
5/14/2022 19:30,0.375
5/14/2022 19:45,0.376
5/14/2022 20:00,0.375
5/14/2022 20:15,0.375
5/14/2022 20:30,0.374
5/14/2022 20:45,0.375
5/14/2022 21:00,0.376
5/14/2022 21:15,0.374
5/14/2022 21:30,0.375
5/14/2022 21:45,0.377
5/14/2022 22:00,0.376
5/14/2022 22:15,0.381
5/14/2022 22:30,0.513
5/14/2022 22:45,0.634
5/14/2022 23:00,0.744
5/14/2022 23:15,0.85
5/14/2022 23:30,0.953
5/14/2022 23:45,1.034
5/15/2022 0:00,1.117
5/15/2022 0:15,1.182
5/15/2022 0:30,1.226
5/15/2022 0:45,1.25
5/15/2022 1:00,1.241
5/15/2022 1:15,1.204
5/15/2022 1:30,1.155
5/15/2022 1:45,1.078
5/15/2022 2:00,0.984
5/15/2022 2:15,0.894
5/15/2022 2:30,0.794
5/15/2022 2:45,0.682
5/15/2022 3:00,0.579
5/15/2022 3:15,0.461
5/15/2022 3:30,0.373
5/15/2022 3:45,0.374
5/15/2022 4:00,0.375
5/15/2022 4:15,0.373
5/15/2022 4:30,0.375
5/15/2022 4:45,0.374
5/15/2022 5:00,0.374
5/15/2022 5:15,0.374
5/15/2022 5:30,0.372
5/15/2022 5:45,0.375
5/15/2022 6:00,0.373
5/15/2022 6:15,0.375
5/15/2022 6:30,0.374
5/15/2022 6:45,0.375
5/15/2022 7:00,0.375
5/15/2022 7:15,0.375
5/15/2022 7:30,0.376
5/15/2022 7:45,0.375
5/15/2022 8:00,0.377
5/15/2022 8:15,0.374
5/15/2022 8:30,0.374
5/15/2022 8:45,0.377
5/15/2022 9:00,0.374
5/15/2022 9:15,0.376
5/15/2022 9:30,0.375
5/15/2022 9:45,0.377
5/15/2022 10:00,0.376
5/15/2022 10:15,0.374
5/15/2022 10:30,0.371
5/15/2022 10:45,0.376
5/15/2022 11:00,0.37
5/15/2022 11:15,0.492
5/15/2022 11:30,0.598
5/15/2022 11:45,0.702
5/15/2022 12:00,0.799
5/15/2022 12:15,0.888
5/15/2022 12:30,0.966
5/15/2022 12:45,1.034
5/15/2022 13:00,1.077
5/15/2022 13:15,1.097
5/15/2022 13:30,1.092
5/15/2022 13:45,1.056
5/15/2022 14:00,1.002
5/15/2022 14:15,0.929
5/15/2022 14:30,0.838
5/15/2022 14:45,0.755
5/15/2022 15:00,0.653
5/15/2022 15:15,0.548
5/15/2022 15:30,0.45
5/15/2022 15:45,0.373
5/15/2022 16:00,0.374
5/15/2022 16:15,0.376
5/15/2022 16:30,0.375
5/15/2022 16:45,0.376
5/15/2022 17:00,0.375
5/15/2022 17:15,0.374
5/15/2022 17:30,0.372
5/15/2022 17:45,0.372
5/15/2022 18:00,0.372
5/15/2022 18:15,0.374
5/15/2022 18:30,0.372
5/15/2022 18:45,0.373
5/15/2022 19:00,0.373
5/15/2022 19:15,0.374
5/15/2022 19:30,0.374
5/15/2022 19:45,0.375
5/15/2022 20:00,0.373
5/15/2022 20:15,0.373
5/15/2022 20:30,0.373
5/15/2022 20:45,0.371
5/15/2022 21:00,0.373
5/15/2022 21:15,0.372
5/15/2022 21:30,0.37
5/15/2022 21:45,0.374
5/15/2022 22:00,0.375
5/15/2022 22:15,0.372
5/15/2022 22:30,0.372
5/15/2022 22:45,0.41
5/15/2022 23:00,0.54
5/15/2022 23:15,0.668
5/15/2022 23:30,0.79
5/15/2022 23:45,0.906
5/16/2022 0:00,1.012
5/16/2022 0:15,1.114
5/16/2022 0:30,1.205
5/16/2022 0:45,1.289
5/16/2022 1:00,1.357
5/16/2022 1:15,1.4
5/16/2022 1:30,1.422
5/16/2022 1:45,1.409
5/16/2022 2:00,1.366
5/16/2022 2:15,1.311
5/16/2022 2:30,1.233
5/16/2022 2:45,1.149
5/16/2022 3:00,1.055
5/16/2022 3:15,0.938
5/16/2022 3:30,0.827
5/16/2022 3:45,0.715
5/16/2022 4:00,0.595
5/16/2022 4:15,0.48
5/16/2022 4:30,0.375
5/16/2022 4:45,0.375
5/16/2022 5:00,0.374
5/16/2022 5:15,0.375
5/16/2022 5:30,0.375
5/16/2022 5:45,0.374
5/16/2022 6:00,0.374
5/16/2022 6:15,0.373
5/16/2022 6:30,0.374
5/16/2022 6:45,0.374
5/16/2022 7:00,0.375
5/16/2022 7:15,0.375
5/16/2022 7:30,0.374
5/16/2022 7:45,0.375
5/16/2022 8:00,0.374
5/16/2022 8:15,0.376
5/16/2022 8:30,0.373
5/16/2022 8:45,0.374
5/16/2022 9:00,0.374
5/16/2022 9:15,0.376
5/16/2022 9:30,0.375
5/16/2022 9:45,0.374
5/16/2022 10:00,0.375
5/16/2022 10:15,0.374
5/16/2022 10:30,0.375
5/16/2022 10:45,0.373
5/16/2022 11:00,0.374
5/16/2022 11:15,0.374
5/16/2022 11:30,0.373
5/16/2022 11:45,0.375
5/16/2022 12:00,0.465
5/16/2022 12:15,0.587
5/16/2022 12:30,0.693
5/16/2022 12:45,0.8
5/16/2022 13:00,0.894
5/16/2022 13:15,0.977
5/16/2022 13:30,1.048
5/16/2022 13:45,1.106
5/16/2022 14:00,1.14
5/16/2022 14:15,1.152
5/16/2022 14:30,1.129
5/16/2022 14:45,1.088
5/16/2022 15:00,1.023
5/16/2022 15:15,0.94
5/16/2022 15:30,0.853
5/16/2022 15:45,0.76
5/16/2022 16:00,0.654
5/16/2022 16:15,0.545
5/16/2022 16:30,0.443
5/16/2022 16:45,0.376
5/16/2022 17:00,0.375
5/16/2022 17:15,0.374
5/16/2022 17:30,0.375
5/16/2022 17:45,0.371
5/16/2022 18:00,0.376
5/16/2022 18:15,0.375
5/16/2022 18:30,0.374
5/16/2022 18:45,0.375
5/16/2022 19:00,0.375
5/16/2022 19:15,0.374
5/16/2022 19:30,0.376
5/16/2022 19:45,0.376
5/16/2022 20:00,0.374
5/16/2022 20:15,0.374
5/16/2022 20:30,0.375
5/16/2022 20:45,0.374
5/16/2022 21:00,0.373
5/16/2022 21:15,0.375
5/16/2022 21:30,0.376
5/16/2022 21:45,0.374
5/16/2022 22:00,0.373
5/16/2022 22:15,0.374
5/16/2022 22:30,0.375
5/16/2022 22:45,0.375
5/16/2022 23:00,0.375
5/16/2022 23:15,0.405
5/16/2022 23:30,0.531
5/16/2022 23:45,0.657
5/17/2022 0:00,0.797
5/17/2022 0:15,0.92
5/17/2022 0:30,1.043
5/17/2022 0:45,1.152
5/17/2022 1:00,1.255
5/17/2022 1:15,1.37
5/17/2022 1:30,1.45
5/17/2022 1:45,1.517
5/17/2022 2:00,1.571
5/17/2022 2:15,1.585
5/17/2022 2:30,1.581
5/17/2022 2:45,1.539
5/17/2022 3:00,1.48
5/17/2022 3:15,1.402
5/17/2022 3:30,1.308
5/17/2022 3:45,1.228
5/17/2022 4:00,1.129
5/17/2022 4:15,1.009
5/17/2022 4:30,0.883
5/17/2022 4:45,0.768
5/17/2022 5:00,0.64
5/17/2022 5:15,0.516
5/17/2022 5:30,0.396
5/17/2022 5:45,0.373
5/17/2022 6:00,0.374
5/17/2022 6:15,0.375
5/17/2022 6:30,0.374
5/17/2022 6:45,0.373
5/17/2022 7:00,0.376
5/17/2022 7:15,0.371
5/17/2022 7:30,0.372
5/17/2022 7:45,0.375
5/17/2022 8:00,0.372
5/17/2022 8:15,0.371
5/17/2022 8:30,0.374
5/17/2022 8:45,0.372
5/17/2022 9:00,0.374
5/17/2022 9:15,0.373
5/17/2022 9:30,0.37
5/17/2022 9:45,0.371
5/17/2022 10:00,0.372
5/17/2022 10:15,0.372
5/17/2022 10:30,0.372
5/17/2022 10:45,0.371
5/17/2022 11:00,0.37
5/17/2022 11:15,0.372
5/17/2022 11:30,0.373
5/17/2022 11:45,0.372
5/17/2022 12:00,0.374
5/17/2022 12:15,0.373
5/17/2022 12:30,0.369
5/17/2022 12:45,0.378
5/17/2022 13:00,0.496
5/17/2022 13:15,0.616
5/17/2022 13:30,0.732
5/17/2022 13:45,0.826
5/17/2022 14:00,0.92
5/17/2022 14:15,0.994
5/17/2022 14:30,1.061
5/17/2022 14:45,1.113
5/17/2022 15:00,1.132
5/17/2022 15:15,1.131
5/17/2022 15:30,1.086
5/17/2022 15:45,1.028
5/17/2022 16:00,0.944
5/17/2022 16:15,0.852
5/17/2022 16:30,0.761
5/17/2022 16:45,0.663
5/17/2022 17:00,0.554
5/17/2022 17:15,0.453
5/17/2022 17:30,0.372
5/17/2022 17:45,0.371
5/17/2022 18:00,0.367
5/17/2022 18:15,0.373
5/17/2022 18:30,0.371
5/17/2022 18:45,0.372
5/17/2022 19:00,0.371
5/17/2022 19:15,0.371
5/17/2022 19:30,0.371
5/17/2022 19:45,0.372
5/17/2022 20:00,0.372
5/17/2022 20:15,0.372
5/17/2022 20:30,0.372
5/17/2022 20:45,0.371
5/17/2022 21:00,0.373
5/17/2022 21:15,0.373
5/17/2022 21:30,0.375
5/17/2022 21:45,0.372
5/17/2022 22:00,0.373
5/17/2022 22:15,0.373
5/17/2022 22:30,0.373
5/17/2022 22:45,0.37
5/17/2022 23:00,0.369
5/17/2022 23:15,0.37
5/17/2022 23:30,0.372
5/17/2022 23:45,0.373
5/18/2022 0:00,0.373
5/18/2022 0:15,0.376
5/18/2022 0:30,0.514
5/18/2022 0:45,0.642
5/18/2022 1:00,0.773
5/18/2022 1:15,0.892
5/18/2022 1:30,1.01
5/18/2022 1:45,1.111
5/18/2022 2:00,1.212
5/18/2022 2:15,1.305
5/18/2022 2:30,1.381
5/18/2022 2:45,1.431
5/18/2022 3:00,1.46
5/18/2022 3:15,1.453
5/18/2022 3:30,1.419
5/18/2022 3:45,1.367
5/18/2022 4:00,1.294
5/18/2022 4:15,1.211
5/18/2022 4:30,1.117
5/18/2022 4:45,1.01
5/18/2022 5:00,0.89
5/18/2022 5:15,0.775
5/18/2022 5:30,0.651
5/18/2022 5:45,0.536
5/18/2022 6:00,0.419
5/18/2022 6:15,0.375
5/18/2022 6:30,0.373
5/18/2022 6:45,0.375
5/18/2022 7:00,0.371
5/18/2022 7:15,0.373
5/18/2022 7:30,0.373
5/18/2022 7:45,0.373
5/18/2022 8:00,0.371
5/18/2022 8:15,0.373
5/18/2022 8:30,0.374
5/18/2022 8:45,0.371
5/18/2022 9:00,0.372
5/18/2022 9:15,0.371
5/18/2022 9:30,0.371
5/18/2022 9:45,0.374
5/18/2022 10:00,0.372
5/18/2022 10:15,0.367
5/18/2022 10:30,0.372
5/18/2022 10:45,0.374
5/18/2022 11:00,0.375
5/18/2022 11:15,0.369
5/18/2022 11:30,0.371
5/18/2022 11:45,0.372
5/18/2022 12:00,0.37
5/18/2022 12:15,0.375
5/18/2022 12:30,0.371
5/18/2022 12:45,0.372
5/18/2022 13:00,0.372
5/18/2022 13:15,0.375
5/18/2022 13:30,0.372
5/18/2022 13:45,0.373
5/18/2022 14:00,0.423
5/18/2022 14:15,0.527
5/18/2022 14:30,0.646
5/18/2022 14:45,0.732
5/18/2022 15:00,0.811
5/18/2022 15:15,0.888
5/18/2022 15:30,0.946
5/18/2022 15:45,0.987
5/18/2022 16:00,0.992
5/18/2022 16:15,0.959
5/18/2022 16:30,0.928
5/18/2022 16:45,0.857
5/18/2022 17:00,0.778
5/18/2022 17:15,0.678
5/18/2022 17:30,0.589
5/18/2022 17:45,0.486
5/18/2022 18:00,0.385
5/18/2022 18:15,0.372
5/18/2022 18:30,0.372
5/18/2022 18:45,0.373
5/18/2022 19:00,0.372
5/18/2022 19:15,0.373
5/18/2022 19:30,0.371
5/18/2022 19:45,0.372
5/18/2022 20:00,0.372
5/18/2022 20:15,0.372
5/18/2022 20:30,0.372
5/18/2022 20:45,0.374
5/18/2022 21:00,0.373
5/18/2022 21:15,0.375
5/18/2022 21:30,0.374
5/18/2022 21:45,0.373
5/18/2022 22:00,0.372
5/18/2022 22:15,0.372
5/18/2022 22:30,0.374
5/18/2022 22:45,0.372
5/18/2022 23:00,0.37
5/18/2022 23:15,0.372
5/18/2022 23:30,0.372
5/18/2022 23:45,0.372
5/19/2022 0:00,0.372
5/19/2022 0:15,0.371
5/19/2022 0:30,0.371
5/19/2022 0:45,0.372
5/19/2022 1:00,0.371
5/19/2022 1:15,0.416
5/19/2022 1:30,0.536
5/19/2022 1:45,0.666
5/19/2022 2:00,0.788
5/19/2022 2:15,0.901
5/19/2022 2:30,1.012
5/19/2022 2:45,1.112
5/19/2022 3:00,1.202
5/19/2022 3:15,1.29
5/19/2022 3:30,1.354
5/19/2022 3:45,1.403
5/19/2022 4:00,1.417
5/19/2022 4:15,1.398
5/19/2022 4:30,1.357
5/19/2022 4:45,1.303
5/19/2022 5:00,1.228
5/19/2022 5:15,1.136
5/19/2022 5:30,1.043
5/19/2022 5:45,0.926
5/19/2022 6:00,0.81
5/19/2022 6:15,0.696
5/19/2022 6:30,0.575
5/19/2022 6:45,0.46
5/19/2022 7:00,0.374
5/19/2022 7:15,0.372
5/19/2022 7:30,0.373
5/19/2022 7:45,0.373
5/19/2022 8:00,0.372
5/19/2022 8:15,0.373
5/19/2022 8:30,0.374
5/19/2022 8:45,0.371
5/19/2022 9:00,0.373
5/19/2022 9:15,0.373
5/19/2022 9:30,0.374
5/19/2022 9:45,0.371
5/19/2022 10:00,0.372
5/19/2022 10:15,0.374
5/19/2022 10:30,0.375
5/19/2022 10:45,0.374
5/19/2022 11:00,0.374
5/19/2022 11:15,0.374
5/19/2022 11:30,0.373
5/19/2022 11:45,0.372
5/19/2022 12:00,0.373
5/19/2022 12:15,0.372
5/19/2022 12:30,0.373
5/19/2022 12:45,0.37
5/19/2022 13:00,0.372
5/19/2022 13:15,0.373
5/19/2022 13:30,0.369
5/19/2022 13:45,0.372
5/19/2022 14:00,0.372
5/19/2022 14:15,0.37
5/19/2022 14:30,0.372
5/19/2022 14:45,0.41
5/19/2022 15:00,0.526
5/19/2022 15:15,0.638
5/19/2022 15:30,0.737
5/19/2022 15:45,0.83
5/19/2022 16:00,0.906
5/19/2022 16:15,0.977
5/19/2022 16:30,1.026
5/19/2022 16:45,1.049
5/19/2022 17:00,1.051
5/19/2022 17:15,1.019
5/19/2022 17:30,0.974
5/19/2022 17:45,0.896
5/19/2022 18:00,0.819
5/19/2022 18:15,0.732
5/19/2022 18:30,0.632
5/19/2022 18:45,0.539
5/19/2022 19:00,0.436
5/19/2022 19:15,0.374
5/19/2022 19:30,0.374
5/19/2022 19:45,0.375
5/19/2022 20:00,0.375
5/19/2022 20:15,0.375
5/19/2022 20:30,0.376
5/19/2022 20:45,0.374
5/19/2022 21:00,0.375
5/19/2022 21:15,0.374
5/19/2022 21:30,0.374
5/19/2022 21:45,0.376
5/19/2022 22:00,0.374
5/19/2022 22:15,0.374
5/19/2022 22:30,0.376
5/19/2022 22:45,0.374
5/19/2022 23:00,0.373
5/19/2022 23:15,0.373
5/19/2022 23:30,0.374
5/19/2022 23:45,0.374
5/20/2022 0:00,0.373
5/20/2022 0:15,0.373
5/20/2022 0:30,0.374
5/20/2022 0:45,0.374
5/20/2022 1:00,0.374
5/20/2022 1:15,0.374
5/20/2022 1:30,0.374
5/20/2022 1:45,0.376
5/20/2022 2:00,0.393
5/20/2022 2:15,0.512
5/20/2022 2:30,0.636
5/20/2022 2:45,0.756
5/20/2022 3:00,0.873
5/20/2022 3:15,0.984
5/20/2022 3:30,1.087
5/20/2022 3:45,1.178
5/20/2022 4:00,1.261
5/20/2022 4:15,1.339
5/20/2022 4:30,1.392
5/20/2022 4:45,1.426
5/20/2022 5:00,1.427
5/20/2022 5:15,1.402
5/20/2022 5:30,1.352
5/20/2022 5:45,1.293
5/20/2022 6:00,1.212
5/20/2022 6:15,1.126
5/20/2022 6:30,1.032
5/20/2022 6:45,0.914
5/20/2022 7:00,0.802
5/20/2022 7:15,0.685
5/20/2022 7:30,0.571
5/20/2022 7:45,0.46
5/20/2022 8:00,0.37
5/20/2022 8:15,0.369
5/20/2022 8:30,0.37
5/20/2022 8:45,0.368
5/20/2022 9:00,0.37
5/20/2022 9:15,0.369
5/20/2022 9:30,0.372
5/20/2022 9:45,0.372
5/20/2022 10:00,0.373
5/20/2022 10:15,0.369
5/20/2022 10:30,0.373
5/20/2022 10:45,0.37
5/20/2022 11:00,0.371
5/20/2022 11:15,0.373
5/20/2022 11:30,0.372
5/20/2022 11:45,0.372
5/20/2022 12:00,0.373
5/20/2022 12:15,0.373
5/20/2022 12:30,0.372
5/20/2022 12:45,0.373
5/20/2022 13:00,0.375
5/20/2022 13:15,0.371
5/20/2022 13:30,0.374
5/20/2022 13:45,0.374
5/20/2022 14:00,0.373
5/20/2022 14:15,0.371
5/20/2022 14:30,0.37
5/20/2022 14:45,0.372
5/20/2022 15:00,0.37
5/20/2022 15:15,0.369
5/20/2022 15:30,0.371
5/20/2022 15:45,0.436
5/20/2022 16:00,0.54
5/20/2022 16:15,0.641
5/20/2022 16:30,0.735
5/20/2022 16:45,0.819
5/20/2022 17:00,0.888
5/20/2022 17:15,0.955
5/20/2022 17:30,0.994
5/20/2022 17:45,1.019
5/20/2022 18:00,1.007
5/20/2022 18:15,0.973
5/20/2022 18:30,0.925
5/20/2022 18:45,0.852
5/20/2022 19:00,0.77
5/20/2022 19:15,0.691
5/20/2022 19:30,0.593
5/20/2022 19:45,0.492
5/20/2022 20:00,0.391
5/20/2022 20:15,0.372
5/20/2022 20:30,0.371
5/20/2022 20:45,0.371
5/20/2022 21:00,0.369
5/20/2022 21:15,0.369
5/20/2022 21:30,0.37
5/20/2022 21:45,0.368
5/20/2022 22:00,0.368
5/20/2022 22:15,0.369
5/20/2022 22:30,0.368
5/20/2022 22:45,0.37
5/20/2022 23:00,0.369
5/20/2022 23:15,0.369
5/20/2022 23:30,0.369
5/20/2022 23:45,0.37
5/21/2022 0:00,0.368
5/21/2022 0:15,0.37
5/21/2022 0:30,0.368
5/21/2022 0:45,0.367
5/21/2022 1:00,0.368
5/21/2022 1:15,0.365
5/21/2022 1:30,0.367
5/21/2022 1:45,0.368
5/21/2022 2:00,0.367
5/21/2022 2:15,0.368
5/21/2022 2:30,0.367
5/21/2022 2:45,0.368
5/21/2022 3:00,0.366
5/21/2022 3:15,0.46
5/21/2022 3:30,0.575
5/21/2022 3:45,0.694
5/21/2022 4:00,0.815
5/21/2022 4:15,0.917
5/21/2022 4:30,1.022
5/21/2022 4:45,1.113
5/21/2022 5:00,1.194
5/21/2022 5:15,1.266
5/21/2022 5:30,1.318
5/21/2022 5:45,1.356
5/21/2022 6:00,1.362
5/21/2022 6:15,1.333
5/21/2022 6:30,1.292
5/21/2022 6:45,1.234
5/21/2022 7:00,1.155
5/21/2022 7:15,1.066
5/21/2022 7:30,0.967
5/21/2022 7:45,0.857
5/21/2022 8:00,0.746
5/21/2022 8:15,0.639
5/21/2022 8:30,0.525
5/21/2022 8:45,0.412
5/21/2022 9:00,0.369
5/21/2022 9:15,0.371
5/21/2022 9:30,0.37
5/21/2022 9:45,0.367
5/21/2022 10:00,0.365
5/21/2022 10:15,0.368
5/21/2022 10:30,0.368
5/21/2022 10:45,0.367
5/21/2022 11:00,0.37
5/21/2022 11:15,0.371
5/21/2022 11:30,0.369
5/21/2022 11:45,0.367
5/21/2022 12:00,0.37
5/21/2022 12:15,0.364
5/21/2022 12:30,0.369
5/21/2022 12:45,0.369
5/21/2022 13:00,0.368
5/21/2022 13:15,0.367
5/21/2022 13:30,0.367
5/21/2022 13:45,0.37
5/21/2022 14:00,0.367
5/21/2022 14:15,0.368
5/21/2022 14:30,0.367
5/21/2022 14:45,0.366
5/21/2022 15:00,0.367
5/21/2022 15:15,0.369
5/21/2022 15:30,0.367
5/21/2022 15:45,0.368
5/21/2022 16:00,0.365
5/21/2022 16:15,0.366
5/21/2022 16:30,0.366
5/21/2022 16:45,0.393
5/21/2022 17:00,0.499
5/21/2022 17:15,0.596
5/21/2022 17:30,0.694
5/21/2022 17:45,0.767
5/21/2022 18:00,0.847
5/21/2022 18:15,0.898
5/21/2022 18:30,0.946
5/21/2022 18:45,0.959
5/21/2022 19:00,0.96
5/21/2022 19:15,0.93
5/21/2022 19:30,0.882
5/21/2022 19:45,0.817
5/21/2022 20:00,0.744
5/21/2022 20:15,0.661
5/21/2022 20:30,0.569
5/21/2022 20:45,0.472
5/21/2022 21:00,0.374
5/21/2022 21:15,0.367
5/21/2022 21:30,0.37
5/21/2022 21:45,0.371
5/21/2022 22:00,0.368
5/21/2022 22:15,0.37
5/21/2022 22:30,0.37
5/21/2022 22:45,0.369
5/21/2022 23:00,0.371
5/21/2022 23:15,0.369
5/21/2022 23:30,0.368
5/21/2022 23:45,0.37
5/22/2022 0:00,0.369
5/22/2022 0:15,0.37
5/22/2022 0:30,0.368
5/22/2022 0:45,0.369
5/22/2022 1:00,0.368
5/22/2022 1:15,0.368
5/22/2022 1:30,0.37
5/22/2022 1:45,0.369
5/22/2022 2:00,0.368
5/22/2022 2:15,0.368
5/22/2022 2:30,0.37
5/22/2022 2:45,0.369
5/22/2022 3:00,0.368
5/22/2022 3:15,0.367
5/22/2022 3:30,0.366
5/22/2022 3:45,0.366
5/22/2022 4:00,0.37
5/22/2022 4:15,0.377
5/22/2022 4:30,0.488
5/22/2022 4:45,0.599
5/22/2022 5:00,0.711
5/22/2022 5:15,0.816
5/22/2022 5:30,0.911
5/22/2022 5:45,0.999
5/22/2022 6:00,1.078
5/22/2022 6:15,1.146
5/22/2022 6:30,1.198
5/22/2022 6:45,1.241
5/22/2022 7:00,1.247
5/22/2022 7:15,1.24
5/22/2022 7:30,1.191
5/22/2022 7:45,1.138
5/22/2022 8:00,1.076
5/22/2022 8:15,0.975
5/22/2022 8:30,0.891
5/22/2022 8:45,0.788
5/22/2022 9:00,0.678
5/22/2022 9:15,0.573
5/22/2022 9:30,0.469
5/22/2022 9:45,0.37
5/22/2022 10:00,0.367
5/22/2022 10:15,0.367
5/22/2022 10:30,0.365
5/22/2022 10:45,0.366
5/22/2022 11:00,0.366
5/22/2022 11:15,0.367
5/22/2022 11:30,0.365
5/22/2022 11:45,0.367
5/22/2022 12:00,0.365
5/22/2022 12:15,0.367
5/22/2022 12:30,0.368
5/22/2022 12:45,0.368
5/22/2022 13:00,0.368
5/22/2022 13:15,0.365
5/22/2022 13:30,0.368
5/22/2022 13:45,0.368
5/22/2022 14:00,0.367
5/22/2022 14:15,0.368
5/22/2022 14:30,0.367
5/22/2022 14:45,0.367
5/22/2022 15:00,0.37
5/22/2022 15:15,0.375
5/22/2022 15:30,0.373
5/22/2022 15:45,0.375
5/22/2022 16:00,0.37
5/22/2022 16:15,0.371
5/22/2022 16:30,0.373
5/22/2022 16:45,0.371
5/22/2022 17:00,0.372
5/22/2022 17:15,0.373
5/22/2022 17:30,0.373
5/22/2022 17:45,0.432
5/22/2022 18:00,0.523
5/22/2022 18:15,0.63
5/22/2022 18:30,0.722
5/22/2022 18:45,0.807
5/22/2022 19:00,0.871
5/22/2022 19:15,0.939
5/22/2022 19:30,0.982
5/22/2022 19:45,1.013
5/22/2022 20:00,1.019
5/22/2022 20:15,1.003
5/22/2022 20:30,0.951
5/22/2022 20:45,0.895
5/22/2022 21:00,0.821
5/22/2022 21:15,0.742
5/22/2022 21:30,0.656
5/22/2022 21:45,0.558
5/22/2022 22:00,0.459
5/22/2022 22:15,0.375
5/22/2022 22:30,0.37
5/22/2022 22:45,0.372
5/22/2022 23:00,0.372
5/22/2022 23:15,0.371
5/22/2022 23:30,0.372
5/22/2022 23:45,0.371
5/23/2022 0:00,0.373
5/23/2022 0:15,0.373
5/23/2022 0:30,0.372
5/23/2022 0:45,0.371
5/23/2022 1:00,0.372
5/23/2022 1:15,0.371
5/23/2022 1:30,0.37
5/23/2022 1:45,0.374
5/23/2022 2:00,0.372
5/23/2022 2:15,0.372
5/23/2022 2:30,0.373
5/23/2022 2:45,0.372
5/23/2022 3:00,0.372
5/23/2022 3:15,0.372
5/23/2022 3:30,0.374
5/23/2022 3:45,0.373
5/23/2022 4:00,0.372
5/23/2022 4:15,0.37
5/23/2022 4:30,0.371
5/23/2022 4:45,0.371
5/23/2022 5:00,0.372
5/23/2022 5:15,0.371
5/23/2022 5:30,0.385
5/23/2022 5:45,0.48
5/23/2022 6:00,0.595
5/23/2022 6:15,0.683
5/23/2022 6:30,0.784
5/23/2022 6:45,0.866
5/23/2022 7:00,0.94
5/23/2022 7:15,1.011
5/23/2022 7:30,1.064
5/23/2022 7:45,1.095
5/23/2022 8:00,1.12
5/23/2022 8:15,1.107
5/23/2022 8:30,1.072
5/23/2022 8:45,1.025
5/23/2022 9:00,0.952
5/23/2022 9:15,0.871
5/23/2022 9:30,0.789
5/23/2022 9:45,0.694
5/23/2022 10:00,0.586
5/23/2022 10:15,0.49
5/23/2022 10:30,0.384
5/23/2022 10:45,0.374
5/23/2022 11:00,0.372
5/23/2022 11:15,0.376
5/23/2022 11:30,0.372
5/23/2022 11:45,0.372
5/23/2022 12:00,0.373
5/23/2022 12:15,0.373
5/23/2022 12:30,0.371
5/23/2022 12:45,0.375
5/23/2022 13:00,0.371
5/23/2022 13:15,0.371
5/23/2022 13:30,0.37
5/23/2022 13:45,0.371
5/23/2022 14:00,0.371
5/23/2022 14:15,0.373
5/23/2022 14:30,0.372
5/23/2022 14:45,0.372
5/23/2022 15:00,0.371
5/23/2022 15:15,0.374
5/23/2022 15:30,0.373
5/23/2022 15:45,0.373
5/23/2022 16:00,0.371
5/23/2022 16:15,0.371
5/23/2022 16:30,0.371
5/23/2022 16:45,0.371
5/23/2022 17:00,0.371
5/23/2022 17:15,0.372
5/23/2022 17:30,0.369
5/23/2022 17:45,0.368
5/23/2022 18:00,0.368
5/23/2022 18:15,0.37
5/23/2022 18:30,0.37
5/23/2022 18:45,0.37
5/23/2022 19:00,0.449
5/23/2022 19:15,0.546
5/23/2022 19:30,0.633
5/23/2022 19:45,0.713
5/23/2022 20:00,0.792
5/23/2022 20:15,0.851
5/23/2022 20:30,0.899
5/23/2022 20:45,0.931
5/23/2022 21:00,0.94
5/23/2022 21:15,0.919
5/23/2022 21:30,0.883
5/23/2022 21:45,0.823
5/23/2022 22:00,0.756
5/23/2022 22:15,0.673
5/23/2022 22:30,0.594
5/23/2022 22:45,0.502
5/23/2022 23:00,0.398
5/23/2022 23:15,0.365
5/23/2022 23:30,0.369
5/23/2022 23:45,0.367
5/24/2022 0:00,0.366
5/24/2022 0:15,0.365
5/24/2022 0:30,0.364
5/24/2022 0:45,0.367
5/24/2022 1:00,0.366
5/24/2022 1:15,0.365
5/24/2022 1:30,0.365
5/24/2022 1:45,0.364
5/24/2022 2:00,0.366
5/24/2022 2:15,0.366
5/24/2022 2:30,0.367
5/24/2022 2:45,0.366
5/24/2022 3:00,0.367
5/24/2022 3:15,0.366
5/24/2022 3:30,0.368
5/24/2022 3:45,0.367
5/24/2022 4:00,0.366
5/24/2022 4:15,0.366
5/24/2022 4:30,0.367
5/24/2022 4:45,0.366
5/24/2022 5:00,0.367
5/24/2022 5:15,0.366
5/24/2022 5:30,0.365
5/24/2022 5:45,0.367
5/24/2022 6:00,0.366
5/24/2022 6:15,0.366
5/24/2022 6:30,0.367
5/24/2022 6:45,0.366
5/24/2022 7:00,0.43
5/24/2022 7:15,0.527
5/24/2022 7:30,0.625
5/24/2022 7:45,0.713
5/24/2022 8:00,0.796
5/24/2022 8:15,0.863
5/24/2022 8:30,0.925
5/24/2022 8:45,0.966
5/24/2022 9:00,0.989
5/24/2022 9:15,0.988
5/24/2022 9:30,0.961
5/24/2022 9:45,0.92
5/24/2022 10:00,0.854
5/24/2022 10:15,0.778
5/24/2022 10:30,0.699
5/24/2022 10:45,0.613
5/24/2022 11:00,0.52
5/24/2022 11:15,0.421
5/24/2022 11:30,0.365
5/24/2022 11:45,0.366
5/24/2022 12:00,0.366
5/24/2022 12:15,0.368
5/24/2022 12:30,0.368
5/24/2022 12:45,0.368
5/24/2022 13:00,0.37
5/24/2022 13:15,0.369
5/24/2022 13:30,0.367
5/24/2022 13:45,0.368
5/24/2022 14:00,0.367
5/24/2022 14:15,0.368
5/24/2022 14:30,0.368
5/24/2022 14:45,0.369
5/24/2022 15:00,0.368
5/24/2022 15:15,0.368
5/24/2022 15:30,0.369
5/24/2022 15:45,0.367
5/24/2022 16:00,0.367
5/24/2022 16:15,0.37
5/24/2022 16:30,0.368
5/24/2022 16:45,0.367
5/24/2022 17:00,0.366
5/24/2022 17:15,0.367
5/24/2022 17:30,0.366
5/24/2022 17:45,0.366
5/24/2022 18:00,0.366
5/24/2022 18:15,0.366
5/24/2022 18:30,0.364
5/24/2022 18:45,0.367
5/24/2022 19:00,0.365
5/24/2022 19:15,0.366
5/24/2022 19:30,0.366
5/24/2022 19:45,0.374
5/24/2022 20:00,0.472
5/24/2022 20:15,0.571
5/24/2022 20:30,0.654
5/24/2022 20:45,0.738
5/24/2022 21:00,0.81
5/24/2022 21:15,0.875
5/24/2022 21:30,0.914
5/24/2022 21:45,0.939
5/24/2022 22:00,0.947
5/24/2022 22:15,0.926
5/24/2022 22:30,0.885
5/24/2022 22:45,0.825
5/24/2022 23:00,0.752
5/24/2022 23:15,0.668
5/24/2022 23:30,0.587
5/24/2022 23:45,0.499
5/25/2022 0:00,0.396
5/25/2022 0:15,0.365
5/25/2022 0:30,0.366
5/25/2022 0:45,0.366
5/25/2022 1:00,0.364
5/25/2022 1:15,0.365
5/25/2022 1:30,0.365
5/25/2022 1:45,0.367
5/25/2022 2:00,0.367
5/25/2022 2:15,0.368
5/25/2022 2:30,0.367
5/25/2022 2:45,0.365
5/25/2022 3:00,0.367
5/25/2022 3:15,0.367
5/25/2022 3:30,0.367
5/25/2022 3:45,0.365
5/25/2022 4:00,0.367
5/25/2022 4:15,0.365
5/25/2022 4:30,0.366
5/25/2022 4:45,0.365
5/25/2022 5:00,0.366
5/25/2022 5:15,0.369
5/25/2022 5:30,0.367
5/25/2022 5:45,0.365
5/25/2022 6:00,0.366
5/25/2022 6:15,0.367
5/25/2022 6:30,0.367
5/25/2022 6:45,0.367
5/25/2022 7:00,0.367
5/25/2022 7:15,0.369
5/25/2022 7:30,0.367
5/25/2022 7:45,0.367
5/25/2022 8:00,0.369
5/25/2022 8:15,0.451
5/25/2022 8:30,0.546
5/25/2022 8:45,0.636
5/25/2022 9:00,0.713
5/25/2022 9:15,0.783
5/25/2022 9:30,0.847
5/25/2022 9:45,0.886
5/25/2022 10:00,0.924
5/25/2022 10:15,0.928
5/25/2022 10:30,0.913
5/25/2022 10:45,0.874
5/25/2022 11:00,0.815
5/25/2022 11:15,0.743
5/25/2022 11:30,0.663
5/25/2022 11:45,0.581
5/25/2022 12:00,0.482
5/25/2022 12:15,0.388
5/25/2022 12:30,0.364
5/25/2022 12:45,0.365
5/25/2022 13:00,0.367
5/25/2022 13:15,0.368
5/25/2022 13:30,0.369
5/25/2022 13:45,0.368
5/25/2022 14:00,0.369
5/25/2022 14:15,0.367
5/25/2022 14:30,0.368
5/25/2022 14:45,0.37
5/25/2022 15:00,0.368
5/25/2022 15:15,0.37
5/25/2022 15:30,0.37
5/25/2022 15:45,0.367
5/25/2022 16:00,0.366
5/25/2022 16:15,0.369
5/25/2022 16:30,0.365
5/25/2022 16:45,0.366
5/25/2022 17:00,0.364
5/25/2022 17:15,0.365
5/25/2022 17:30,0.365
5/25/2022 17:45,0.364
5/25/2022 18:00,0.365
5/25/2022 18:15,0.364
5/25/2022 18:30,0.365
5/25/2022 18:45,0.365
5/25/2022 19:00,0.366
5/25/2022 19:15,0.365
5/25/2022 19:30,0.366
5/25/2022 19:45,0.366
5/25/2022 20:00,0.363
5/25/2022 20:15,0.365
5/25/2022 20:30,0.365
5/25/2022 20:45,0.41
5/25/2022 21:00,0.505
5/25/2022 21:15,0.595
5/25/2022 21:30,0.685
5/25/2022 21:45,0.762
5/25/2022 22:00,0.834
5/25/2022 22:15,0.893
5/25/2022 22:30,0.932
5/25/2022 22:45,0.949
5/25/2022 23:00,0.947
5/25/2022 23:15,0.919
5/25/2022 23:30,0.868
5/25/2022 23:45,0.806
5/26/2022 0:00,0.727
5/26/2022 0:15,0.638
5/26/2022 0:30,0.559
5/26/2022 0:45,0.461
5/26/2022 1:00,0.367
5/26/2022 1:15,0.365
5/26/2022 1:30,0.367
5/26/2022 1:45,0.364
5/26/2022 2:00,0.365
5/26/2022 2:15,0.365
5/26/2022 2:30,0.366
5/26/2022 2:45,0.367
5/26/2022 3:00,0.366
5/26/2022 3:15,0.365
5/26/2022 3:30,0.366
5/26/2022 3:45,0.365
5/26/2022 4:00,0.366
5/26/2022 4:15,0.367
5/26/2022 4:30,0.368
5/26/2022 4:45,0.366
5/26/2022 5:00,0.367
5/26/2022 5:15,0.369
5/26/2022 5:30,0.365
5/26/2022 5:45,0.366
5/26/2022 6:00,0.368
5/26/2022 6:15,0.365
5/26/2022 6:30,0.366
5/26/2022 6:45,0.367
5/26/2022 7:00,0.366
5/26/2022 7:15,0.367
5/26/2022 7:30,0.368
5/26/2022 7:45,0.365
5/26/2022 8:00,0.364
5/26/2022 8:15,0.366
5/26/2022 8:30,0.364
5/26/2022 8:45,0.368
5/26/2022 9:00,0.364
5/26/2022 9:15,0.372
5/26/2022 9:30,0.465
5/26/2022 9:45,0.555
5/26/2022 10:00,0.636
5/26/2022 10:15,0.705
5/26/2022 10:30,0.761
5/26/2022 10:45,0.814
5/26/2022 11:00,0.85
5/26/2022 11:15,0.851
5/26/2022 11:30,0.835
5/26/2022 11:45,0.792
5/26/2022 12:00,0.732
5/26/2022 12:15,0.668
5/26/2022 12:30,0.58
5/26/2022 12:45,0.506
5/26/2022 13:00,0.416
5/26/2022 13:15,0.365
5/26/2022 13:30,0.366
5/26/2022 13:45,0.365
5/26/2022 14:00,0.367
5/26/2022 14:15,0.366
5/26/2022 14:30,0.365
5/26/2022 14:45,0.369
5/26/2022 15:00,0.369
5/26/2022 15:15,0.368
5/26/2022 15:30,0.368
5/26/2022 15:45,0.37
5/26/2022 16:00,0.369
5/26/2022 16:15,0.364
5/26/2022 16:30,0.369
5/26/2022 16:45,0.366
5/26/2022 17:00,0.366
5/26/2022 17:15,0.367
5/26/2022 17:30,0.365
5/26/2022 17:45,0.368
5/26/2022 18:00,0.365
5/26/2022 18:15,0.368
5/26/2022 18:30,0.368
5/26/2022 18:45,0.368
5/26/2022 19:00,0.366
5/26/2022 19:15,0.366
5/26/2022 19:30,0.366
5/26/2022 19:45,0.366
5/26/2022 20:00,0.364
5/26/2022 20:15,0.367
5/26/2022 20:30,0.365
5/26/2022 20:45,0.367
5/26/2022 21:00,0.365
5/26/2022 21:15,0.367
5/26/2022 21:30,0.46
5/26/2022 21:45,0.564
5/26/2022 22:00,0.672
5/26/2022 22:15,0.751
5/26/2022 22:30,0.832
5/26/2022 22:45,0.901
5/26/2022 23:00,0.964
5/26/2022 23:15,1.004
5/26/2022 23:30,1.026
5/26/2022 23:45,1.03
5/27/2022 0:00,0.998
5/27/2022 0:15,0.953
5/27/2022 0:30,0.889
5/27/2022 0:45,0.815
5/27/2022 1:00,0.732
5/27/2022 1:15,0.643
5/27/2022 1:30,0.547
5/27/2022 1:45,0.445
5/27/2022 2:00,0.37
5/27/2022 2:15,0.368
5/27/2022 2:30,0.369
5/27/2022 2:45,0.369
5/27/2022 3:00,0.37
5/27/2022 3:15,0.368
5/27/2022 3:30,0.37
5/27/2022 3:45,0.367
5/27/2022 4:00,0.37
5/27/2022 4:15,0.369
5/27/2022 4:30,0.366
5/27/2022 4:45,0.368
5/27/2022 5:00,0.368
5/27/2022 5:15,0.367
5/27/2022 5:30,0.368
5/27/2022 5:45,0.366
5/27/2022 6:00,0.367
5/27/2022 6:15,0.369
5/27/2022 6:30,0.368
5/27/2022 6:45,0.368
5/27/2022 7:00,0.367
5/27/2022 7:15,0.369
5/27/2022 7:30,0.367
5/27/2022 7:45,0.367
5/27/2022 8:00,0.366
5/27/2022 8:15,0.367
5/27/2022 8:30,0.367
5/27/2022 8:45,0.366
5/27/2022 9:00,0.364
5/27/2022 9:15,0.369
5/27/2022 9:30,0.365
5/27/2022 9:45,0.369
5/27/2022 10:00,0.366
5/27/2022 10:15,0.45
5/27/2022 10:30,0.541
5/27/2022 10:45,0.625
5/27/2022 11:00,0.711
5/27/2022 11:15,0.784
5/27/2022 11:30,0.835
5/27/2022 11:45,0.886
5/27/2022 12:00,0.912
5/27/2022 12:15,0.913
5/27/2022 12:30,0.891
5/27/2022 12:45,0.84
5/27/2022 13:00,0.777
5/27/2022 13:15,0.712
5/27/2022 13:30,0.626
5/27/2022 13:45,0.539
5/27/2022 14:00,0.451
5/27/2022 14:15,0.373
5/27/2022 14:30,0.366
5/27/2022 14:45,0.365
5/27/2022 15:00,0.364
5/27/2022 15:15,0.365
5/27/2022 15:30,0.368
5/27/2022 15:45,0.368
5/27/2022 16:00,0.367
5/27/2022 16:15,0.368
5/27/2022 16:30,0.366
5/27/2022 16:45,0.368
5/27/2022 17:00,0.366
5/27/2022 17:15,0.364
5/27/2022 17:30,0.364
5/27/2022 17:45,0.365
5/27/2022 18:00,0.365
5/27/2022 18:15,0.365
5/27/2022 18:30,0.364
5/27/2022 18:45,0.364
5/27/2022 19:00,0.368
5/27/2022 19:15,0.366
5/27/2022 19:30,0.366
5/27/2022 19:45,0.363
5/27/2022 20:00,0.364
5/27/2022 20:15,0.366
5/27/2022 20:30,0.365
5/27/2022 20:45,0.366
5/27/2022 21:00,0.365
5/27/2022 21:15,0.366
5/27/2022 21:30,0.364
5/27/2022 21:45,0.363
5/27/2022 22:00,0.475
5/27/2022 22:15,0.581
5/27/2022 22:30,0.68
5/27/2022 22:45,0.786
5/27/2022 23:00,0.875
5/27/2022 23:15,0.957
5/27/2022 23:30,1.025
5/27/2022 23:45,1.077
5/28/2022 0:00,1.121
5/28/2022 0:15,1.139
5/28/2022 0:30,1.133
5/28/2022 0:45,1.097
5/28/2022 1:00,1.054
5/28/2022 1:15,0.981
5/28/2022 1:30,0.898
5/28/2022 1:45,0.809
5/28/2022 2:00,0.723
5/28/2022 2:15,0.621
5/28/2022 2:30,0.515
5/28/2022 2:45,0.417
5/28/2022 3:00,0.368
5/28/2022 3:15,0.369
5/28/2022 3:30,0.367
5/28/2022 3:45,0.366
5/28/2022 4:00,0.368
5/28/2022 4:15,0.368
5/28/2022 4:30,0.367
5/28/2022 4:45,0.368
5/28/2022 5:00,0.368
5/28/2022 5:15,0.368
5/28/2022 5:30,0.369
5/28/2022 5:45,0.368
5/28/2022 6:00,0.37
5/28/2022 6:15,0.37
5/28/2022 6:30,0.369
5/28/2022 6:45,0.369
5/28/2022 7:00,0.369
5/28/2022 7:15,0.371
5/28/2022 7:30,0.369
5/28/2022 7:45,0.369
5/28/2022 8:00,0.369
5/28/2022 8:15,0.369
5/28/2022 8:30,0.368
5/28/2022 8:45,0.369
5/28/2022 9:00,0.369
5/28/2022 9:15,0.37
5/28/2022 9:30,0.368
5/28/2022 9:45,0.366
5/28/2022 10:00,0.368
5/28/2022 10:15,0.366
5/28/2022 10:30,0.367
5/28/2022 10:45,0.365
5/28/2022 11:00,0.443
5/28/2022 11:15,0.535
5/28/2022 11:30,0.624
5/28/2022 11:45,0.706
5/28/2022 12:00,0.78
5/28/2022 12:15,0.841
5/28/2022 12:30,0.889
5/28/2022 12:45,0.918
5/28/2022 13:00,0.929
5/28/2022 13:15,0.914
5/28/2022 13:30,0.87
5/28/2022 13:45,0.822
5/28/2022 14:00,0.751
5/28/2022 14:15,0.668
5/28/2022 14:30,0.588
5/28/2022 14:45,0.492
5/28/2022 15:00,0.399
5/28/2022 15:15,0.366
5/28/2022 15:30,0.364
5/28/2022 15:45,0.367
5/28/2022 16:00,0.368
5/28/2022 16:15,0.369
5/28/2022 16:30,0.369
5/28/2022 16:45,0.37
5/28/2022 17:00,0.37
5/28/2022 17:15,0.369
5/28/2022 17:30,0.371
5/28/2022 17:45,0.368
5/28/2022 18:00,0.369
5/28/2022 18:15,0.369
5/28/2022 18:30,0.368
5/28/2022 18:45,0.366
5/28/2022 19:00,0.369
5/28/2022 19:15,0.368
5/28/2022 19:30,0.368
5/28/2022 19:45,0.368
5/28/2022 20:00,0.368
5/28/2022 20:15,0.368
5/28/2022 20:30,0.368
5/28/2022 20:45,0.369
5/28/2022 21:00,0.368
5/28/2022 21:15,0.371
5/28/2022 21:30,0.369
5/28/2022 21:45,0.367
5/28/2022 22:00,0.369
5/28/2022 22:15,0.367
5/28/2022 22:30,0.456
5/28/2022 22:45,0.557
5/28/2022 23:00,0.668
5/28/2022 23:15,0.767
5/28/2022 23:30,0.859
5/28/2022 23:45,0.945
5/29/2022 0:00,1.021
5/29/2022 0:15,1.085
5/29/2022 0:30,1.137
5/29/2022 0:45,1.17
5/29/2022 1:00,1.181
5/29/2022 1:15,1.163
5/29/2022 1:30,1.126
5/29/2022 1:45,1.067
5/29/2022 2:00,0.996
5/29/2022 2:15,0.906
5/29/2022 2:30,0.827
5/29/2022 2:45,0.729
5/29/2022 3:00,0.622
5/29/2022 3:15,0.514
5/29/2022 3:30,0.417
5/29/2022 3:45,0.368
5/29/2022 4:00,0.368
5/29/2022 4:15,0.368
5/29/2022 4:30,0.367
5/29/2022 4:45,0.368
5/29/2022 5:00,0.368
5/29/2022 5:15,0.367
5/29/2022 5:30,0.366
5/29/2022 5:45,0.367
5/29/2022 6:00,0.368
5/29/2022 6:15,0.366
5/29/2022 6:30,0.366
5/29/2022 6:45,0.367
5/29/2022 7:00,0.366
5/29/2022 7:15,0.366
5/29/2022 7:30,0.367
5/29/2022 7:45,0.366
5/29/2022 8:00,0.367
5/29/2022 8:15,0.367
5/29/2022 8:30,0.366
5/29/2022 8:45,0.365
5/29/2022 9:00,0.362
5/29/2022 9:15,0.362
5/29/2022 9:30,0.361
5/29/2022 9:45,0.361
5/29/2022 10:00,0.364
5/29/2022 10:15,0.362
5/29/2022 10:30,0.364
5/29/2022 10:45,0.365
5/29/2022 11:00,0.367
5/29/2022 11:15,0.367
5/29/2022 11:30,0.367
5/29/2022 11:45,0.362
5/29/2022 12:00,0.45
5/29/2022 12:15,0.537
5/29/2022 12:30,0.616
5/29/2022 12:45,0.686
5/29/2022 13:00,0.745
5/29/2022 13:15,0.785
5/29/2022 13:30,0.814
5/29/2022 13:45,0.817
5/29/2022 14:00,0.79
5/29/2022 14:15,0.749
5/29/2022 14:30,0.688
5/29/2022 14:45,0.615
5/29/2022 15:00,0.536
5/29/2022 15:15,0.452
5/29/2022 15:30,0.376
5/29/2022 15:45,0.362
5/29/2022 16:00,0.362
5/29/2022 16:15,0.365
5/29/2022 16:30,0.367
5/29/2022 16:45,0.363
5/29/2022 17:00,0.364
5/29/2022 17:15,0.363
5/29/2022 17:30,0.362
5/29/2022 17:45,0.364
5/29/2022 18:00,0.363
5/29/2022 18:15,0.362
5/29/2022 18:30,0.363
5/29/2022 18:45,0.363
5/29/2022 19:00,0.364
5/29/2022 19:15,0.364
5/29/2022 19:30,0.365
5/29/2022 19:45,0.364
5/29/2022 20:00,0.364
5/29/2022 20:15,0.364
5/29/2022 20:30,0.364
5/29/2022 20:45,0.367
5/29/2022 21:00,0.364
5/29/2022 21:15,0.365
5/29/2022 21:30,0.365
5/29/2022 21:45,0.366
5/29/2022 22:00,0.364
5/29/2022 22:15,0.364
5/29/2022 22:30,0.365
5/29/2022 22:45,0.365
5/29/2022 23:00,0.366
5/29/2022 23:15,0.419
5/29/2022 23:30,0.523
5/29/2022 23:45,0.628
5/30/2022 0:00,0.728
5/30/2022 0:15,0.817
5/30/2022 0:30,0.901
5/30/2022 0:45,0.976
5/30/2022 1:00,1.041
5/30/2022 1:15,1.082
5/30/2022 1:30,1.117
5/30/2022 1:45,1.116
5/30/2022 2:00,1.09
5/30/2022 2:15,1.047
5/30/2022 2:30,0.982
5/30/2022 2:45,0.907
5/30/2022 3:00,0.819
5/30/2022 3:15,0.73
5/30/2022 3:30,0.627
5/30/2022 3:45,0.526
5/30/2022 4:00,0.421
5/30/2022 4:15,0.367
5/30/2022 4:30,0.366
5/30/2022 4:45,0.367
5/30/2022 5:00,0.367
5/30/2022 5:15,0.367
5/30/2022 5:30,0.366
5/30/2022 5:45,0.365
5/30/2022 6:00,0.368
5/30/2022 6:15,0.367
5/30/2022 6:30,0.367
5/30/2022 6:45,0.366
5/30/2022 7:00,0.367
5/30/2022 7:15,0.367
5/30/2022 7:30,0.368
5/30/2022 7:45,0.367
5/30/2022 8:00,0.366
5/30/2022 8:15,0.367
5/30/2022 8:30,0.366
5/30/2022 8:45,0.364
5/30/2022 9:00,0.365
5/30/2022 9:15,0.368
5/30/2022 9:30,0.365
5/30/2022 9:45,0.366
5/30/2022 10:00,0.365
5/30/2022 10:15,0.366
5/30/2022 10:30,0.363
5/30/2022 10:45,0.366
5/30/2022 11:00,0.37
5/30/2022 11:15,0.369
5/30/2022 11:30,0.371
5/30/2022 11:45,0.37
5/30/2022 12:00,0.371
5/30/2022 12:15,0.373
5/30/2022 12:30,0.37
5/30/2022 12:45,0.407
5/30/2022 13:00,0.478
5/30/2022 13:15,0.562
5/30/2022 13:30,0.63
5/30/2022 13:45,0.684
5/30/2022 14:00,0.733
5/30/2022 14:15,0.751
5/30/2022 14:30,0.752
5/30/2022 14:45,0.721
5/30/2022 15:00,0.682
5/30/2022 15:15,0.634
5/30/2022 15:30,0.558
5/30/2022 15:45,0.479
5/30/2022 16:00,0.387
5/30/2022 16:15,0.364
5/30/2022 16:30,0.369
5/30/2022 16:45,0.37
5/30/2022 17:00,0.371
5/30/2022 17:15,0.37
5/30/2022 17:30,0.369
5/30/2022 17:45,0.373
5/30/2022 18:00,0.371
5/30/2022 18:15,0.371
5/30/2022 18:30,0.371
5/30/2022 18:45,0.371
5/30/2022 19:00,0.369
5/30/2022 19:15,0.371
5/30/2022 19:30,0.371
5/30/2022 19:45,0.371
5/30/2022 20:00,0.371
5/30/2022 20:15,0.372
5/30/2022 20:30,0.374
5/30/2022 20:45,0.372
5/30/2022 21:00,0.372
5/30/2022 21:15,0.371
5/30/2022 21:30,0.372
5/30/2022 21:45,0.372
5/30/2022 22:00,0.372
5/30/2022 22:15,0.371
5/30/2022 22:30,0.37
5/30/2022 22:45,0.373
5/30/2022 23:00,0.371
5/30/2022 23:15,0.373
5/30/2022 23:30,0.373
5/30/2022 23:45,0.381
5/31/2022 0:00,0.489
5/31/2022 0:15,0.596
5/31/2022 0:30,0.696
5/31/2022 0:45,0.794
5/31/2022 1:00,0.882
5/31/2022 1:15,0.963
5/31/2022 1:30,1.031
5/31/2022 1:45,1.083
5/31/2022 2:00,1.125
5/31/2022 2:15,1.141
5/31/2022 2:30,1.136
5/31/2022 2:45,1.099
5/31/2022 3:00,1.053
5/31/2022 3:15,0.981
5/31/2022 3:30,0.896
5/31/2022 3:45,0.813
5/31/2022 4:00,0.723
5/31/2022 4:15,0.621
5/31/2022 4:30,0.524
5/31/2022 4:45,0.413
5/31/2022 5:00,0.363
5/31/2022 5:15,0.374
5/31/2022 5:30,0.373
5/31/2022 5:45,0.374
5/31/2022 6:00,0.373
5/31/2022 6:15,0.373
5/31/2022 6:30,0.373
5/31/2022 6:45,0.371
5/31/2022 7:00,0.367
5/31/2022 7:15,0.369
5/31/2022 7:30,0.372
5/31/2022 7:45,0.372
5/31/2022 8:00,0.373
5/31/2022 8:15,0.372
5/31/2022 8:30,0.37
5/31/2022 8:45,0.372
5/31/2022 9:00,0.373
5/31/2022 9:15,0.373
5/31/2022 9:30,0.373
5/31/2022 9:45,0.373
5/31/2022 10:00,0.371
5/31/2022 10:15,0.372
5/31/2022 10:30,0.375
5/31/2022 10:45,0.375
5/31/2022 11:00,0.373
5/31/2022 11:15,0.375
5/31/2022 11:30,0.376
5/31/2022 11:45,0.372
5/31/2022 12:00,0.373
5/31/2022 12:15,0.374
5/31/2022 12:30,0.373
5/31/2022 12:45,0.373
5/31/2022 13:00,0.374
5/31/2022 13:15,0.425
5/31/2022 13:30,0.506
5/31/2022 13:45,0.589
5/31/2022 14:00,0.657
5/31/2022 14:15,0.718
5/31/2022 14:30,0.773
5/31/2022 14:45,0.8
5/31/2022 15:00,0.814
5/31/2022 15:15,0.809
5/31/2022 15:30,0.772
5/31/2022 15:45,0.724
5/31/2022 16:00,0.654
5/31/2022 16:15,0.588
5/31/2022 16:30,0.508
5/31/2022 16:45,0.422
5/31/2022 17:00,0.37
5/31/2022 17:15,0.375
5/31/2022 17:30,0.373
5/31/2022 17:45,0.373
5/31/2022 18:00,0.375
5/31/2022 18:15,0.373
5/31/2022 18:30,0.375
5/31/2022 18:45,0.372
5/31/2022 19:00,0.373
5/31/2022 19:15,0.375
5/31/2022 19:30,0.374
5/31/2022 19:45,0.374
5/31/2022 20:00,0.373
5/31/2022 20:15,0.373
5/31/2022 20:30,0.373
5/31/2022 20:45,0.372
5/31/2022 21:00,0.373
5/31/2022 21:15,0.373
5/31/2022 21:30,0.375
5/31/2022 21:45,0.372
5/31/2022 22:00,0.373
5/31/2022 22:15,0.373
5/31/2022 22:30,0.376
5/31/2022 22:45,0.372
5/31/2022 23:00,0.375
5/31/2022 23:15,0.374
5/31/2022 23:30,0.371
5/31/2022 23:45,0.375
6/1/2022 0:00,0.374
6/1/2022 0:15,0.375
6/1/2022 0:30,0.471
6/1/2022 0:45,0.567
6/1/2022 1:00,0.669
6/1/2022 1:15,0.761
6/1/2022 1:30,0.849
6/1/2022 1:45,0.929
6/1/2022 2:00,0.997
6/1/2022 2:15,1.049
6/1/2022 2:30,1.094
6/1/2022 2:45,1.124
6/1/2022 3:00,1.118
6/1/2022 3:15,1.097
6/1/2022 3:30,1.052
6/1/2022 3:45,0.99
6/1/2022 4:00,0.915
6/1/2022 4:15,0.827
6/1/2022 4:30,0.745
6/1/2022 4:45,0.649
6/1/2022 5:00,0.538
6/1/2022 5:15,0.442
6/1/2022 5:30,0.369
6/1/2022 5:45,0.369
6/1/2022 6:00,0.371
6/1/2022 6:15,0.371
6/1/2022 6:30,0.371
6/1/2022 6:45,0.372
6/1/2022 7:00,0.371
6/1/2022 7:15,0.371
6/1/2022 7:30,0.37
6/1/2022 7:45,0.373
6/1/2022 8:00,0.369
6/1/2022 8:15,0.372
6/1/2022 8:30,0.369
6/1/2022 8:45,0.367
6/1/2022 9:00,0.371
6/1/2022 9:15,0.37
6/1/2022 9:30,0.373
6/1/2022 9:45,0.372
6/1/2022 10:00,0.371
6/1/2022 10:15,0.369
6/1/2022 10:30,0.37
6/1/2022 10:45,0.37
6/1/2022 11:00,0.369
6/1/2022 11:15,0.37
6/1/2022 11:30,0.367
6/1/2022 11:45,0.366
6/1/2022 12:00,0.367
6/1/2022 12:15,0.369
6/1/2022 12:30,0.369
6/1/2022 12:45,0.369
6/1/2022 13:00,0.369
6/1/2022 13:15,0.367
6/1/2022 13:30,0.369
6/1/2022 13:45,0.369
6/1/2022 14:00,0.451
6/1/2022 14:15,0.525
6/1/2022 14:30,0.606
6/1/2022 14:45,0.662
6/1/2022 15:00,0.717
6/1/2022 15:15,0.764
6/1/2022 15:30,0.782
6/1/2022 15:45,0.786
6/1/2022 16:00,0.762
6/1/2022 16:15,0.725
6/1/2022 16:30,0.669
6/1/2022 16:45,0.597
6/1/2022 17:00,0.518
6/1/2022 17:15,0.44
6/1/2022 17:30,0.37
6/1/2022 17:45,0.366
6/1/2022 18:00,0.37
6/1/2022 18:15,0.367
6/1/2022 18:30,0.37
6/1/2022 18:45,0.368
6/1/2022 19:00,0.367
6/1/2022 19:15,0.367
6/1/2022 19:30,0.367
6/1/2022 19:45,0.367
6/1/2022 20:00,0.369
6/1/2022 20:15,0.366
6/1/2022 20:30,0.368
6/1/2022 20:45,0.37
6/1/2022 21:00,0.366
6/1/2022 21:15,0.367
6/1/2022 21:30,0.369
6/1/2022 21:45,0.371
6/1/2022 22:00,0.37
6/1/2022 22:15,0.367
6/1/2022 22:30,0.37
6/1/2022 22:45,0.37
6/1/2022 23:00,0.368
6/1/2022 23:15,0.368
6/1/2022 23:30,0.369
6/1/2022 23:45,0.368
6/2/2022 0:00,0.369
6/2/2022 0:15,0.366
6/2/2022 0:30,0.368
6/2/2022 0:45,0.368
6/2/2022 1:00,0.453
6/2/2022 1:15,0.549
6/2/2022 1:30,0.657
6/2/2022 1:45,0.751
6/2/2022 2:00,0.84
6/2/2022 2:15,0.933
6/2/2022 2:30,1.003
6/2/2022 2:45,1.066
6/2/2022 3:00,1.128
6/2/2022 3:15,1.164
6/2/2022 3:30,1.18
6/2/2022 3:45,1.171
6/2/2022 4:00,1.143
6/2/2022 4:15,1.098
6/2/2022 4:30,1.033
6/2/2022 4:45,0.957
6/2/2022 5:00,0.865
6/2/2022 5:15,0.778
6/2/2022 5:30,0.693
6/2/2022 5:45,0.587
6/2/2022 6:00,0.482
6/2/2022 6:15,0.375
6/2/2022 6:30,0.367
6/2/2022 6:45,0.367
6/2/2022 7:00,0.368
6/2/2022 7:15,0.368
6/2/2022 7:30,0.365
6/2/2022 7:45,0.368
6/2/2022 8:00,0.366
6/2/2022 8:15,0.368
6/2/2022 8:30,0.368
6/2/2022 8:45,0.368
6/2/2022 9:00,0.367
6/2/2022 9:15,0.368
6/2/2022 9:30,0.367
6/2/2022 9:45,0.369
6/2/2022 10:00,0.368
6/2/2022 10:15,0.365
6/2/2022 10:30,0.365
6/2/2022 10:45,0.365
6/2/2022 11:00,0.366
6/2/2022 11:15,0.368
6/2/2022 11:30,0.367
6/2/2022 11:45,0.367
6/2/2022 12:00,0.367
6/2/2022 12:15,0.366
6/2/2022 12:30,0.368
6/2/2022 12:45,0.367
6/2/2022 13:00,0.366
6/2/2022 13:15,0.366
6/2/2022 13:30,0.366
6/2/2022 13:45,0.365
6/2/2022 14:00,0.365
6/2/2022 14:15,0.37
6/2/2022 14:30,0.449
6/2/2022 14:45,0.539
6/2/2022 15:00,0.612
6/2/2022 15:15,0.682
6/2/2022 15:30,0.745
6/2/2022 15:45,0.789
6/2/2022 16:00,0.822
6/2/2022 16:15,0.829
6/2/2022 16:30,0.819
6/2/2022 16:45,0.792
6/2/2022 17:00,0.739
6/2/2022 17:15,0.676
6/2/2022 17:30,0.605
6/2/2022 17:45,0.527
6/2/2022 18:00,0.441
6/2/2022 18:15,0.366
6/2/2022 18:30,0.366
6/2/2022 18:45,0.368
6/2/2022 19:00,0.365
6/2/2022 19:15,0.366
6/2/2022 19:30,0.368
6/2/2022 19:45,0.366
6/2/2022 20:00,0.364
6/2/2022 20:15,0.367
6/2/2022 20:30,0.367
6/2/2022 20:45,0.366
6/2/2022 21:00,0.364
6/2/2022 21:15,0.366
6/2/2022 21:30,0.366
6/2/2022 21:45,0.365
6/2/2022 22:00,0.366
6/2/2022 22:15,0.366
6/2/2022 22:30,0.367
6/2/2022 22:45,0.367
6/2/2022 23:00,0.365
6/2/2022 23:15,0.365
6/2/2022 23:30,0.367
6/2/2022 23:45,0.368
6/3/2022 0:00,0.368
6/3/2022 0:15,0.365
6/3/2022 0:30,0.366
6/3/2022 0:45,0.366
6/3/2022 1:00,0.366
6/3/2022 1:15,0.368
6/3/2022 1:30,0.405
6/3/2022 1:45,0.492
6/3/2022 2:00,0.605
6/3/2022 2:15,0.695
6/3/2022 2:30,0.788
6/3/2022 2:45,0.872
6/3/2022 3:00,0.951
6/3/2022 3:15,1.021
6/3/2022 3:30,1.075
6/3/2022 3:45,1.121
6/3/2022 4:00,1.151
6/3/2022 4:15,1.158
6/3/2022 4:30,1.142
6/3/2022 4:45,1.11
6/3/2022 5:00,1.049
6/3/2022 5:15,0.977
6/3/2022 5:30,0.9
6/3/2022 5:45,0.816
6/3/2022 6:00,0.736
6/3/2022 6:15,0.635
6/3/2022 6:30,0.532
6/3/2022 6:45,0.429
6/3/2022 7:00,0.368
6/3/2022 7:15,0.367
6/3/2022 7:30,0.366
6/3/2022 7:45,0.367
6/3/2022 8:00,0.365
6/3/2022 8:15,0.364
6/3/2022 8:30,0.365
6/3/2022 8:45,0.367
6/3/2022 9:00,0.367
6/3/2022 9:15,0.367
6/3/2022 9:30,0.366
6/3/2022 9:45,0.366
6/3/2022 10:00,0.367
6/3/2022 10:15,0.367
6/3/2022 10:30,0.366
6/3/2022 10:45,0.366
6/3/2022 11:00,0.368
6/3/2022 11:15,0.367
6/3/2022 11:30,0.366
6/3/2022 11:45,0.367
6/3/2022 12:00,0.366
6/3/2022 12:15,0.366
6/3/2022 12:30,0.365
6/3/2022 12:45,0.366
6/3/2022 13:00,0.366
6/3/2022 13:15,0.366
6/3/2022 13:30,0.366
6/3/2022 13:45,0.365
6/3/2022 14:00,0.367
6/3/2022 14:15,0.365
6/3/2022 14:30,0.365
6/3/2022 14:45,0.363
6/3/2022 15:00,0.442
6/3/2022 15:15,0.522
6/3/2022 15:30,0.595
6/3/2022 15:45,0.675
6/3/2022 16:00,0.741
6/3/2022 16:15,0.793
6/3/2022 16:30,0.837
6/3/2022 16:45,0.864
6/3/2022 17:00,0.864
6/3/2022 17:15,0.854
6/3/2022 17:30,0.813
6/3/2022 17:45,0.757
6/3/2022 18:00,0.7
6/3/2022 18:15,0.62
6/3/2022 18:30,0.542
6/3/2022 18:45,0.462
6/3/2022 19:00,0.38
6/3/2022 19:15,0.369
6/3/2022 19:30,0.366
6/3/2022 19:45,0.365
6/3/2022 20:00,0.369
6/3/2022 20:15,0.367
6/3/2022 20:30,0.364
6/3/2022 20:45,0.367
6/3/2022 21:00,0.366
6/3/2022 21:15,0.366
6/3/2022 21:30,0.366
6/3/2022 21:45,0.364
6/3/2022 22:00,0.365
6/3/2022 22:15,0.366
6/3/2022 22:30,0.366
6/3/2022 22:45,0.363
6/3/2022 23:00,0.364
6/3/2022 23:15,0.365
6/3/2022 23:30,0.365
6/3/2022 23:45,0.365
6/4/2022 0:00,0.366
6/4/2022 0:15,0.366
6/4/2022 0:30,0.367
6/4/2022 0:45,0.366
6/4/2022 1:00,0.367
6/4/2022 1:15,0.365
6/4/2022 1:30,0.365
6/4/2022 1:45,0.365
6/4/2022 2:00,0.365
6/4/2022 2:15,0.448
6/4/2022 2:30,0.541
6/4/2022 2:45,0.632
6/4/2022 3:00,0.731
6/4/2022 3:15,0.815
6/4/2022 3:30,0.892
6/4/2022 3:45,0.97
6/4/2022 4:00,1.028
6/4/2022 4:15,1.082
6/4/2022 4:30,1.116
6/4/2022 4:45,1.132
6/4/2022 5:00,1.129
6/4/2022 5:15,1.104
6/4/2022 5:30,1.054
6/4/2022 5:45,0.997
6/4/2022 6:00,0.924
6/4/2022 6:15,0.84
6/4/2022 6:30,0.763
6/4/2022 6:45,0.664
6/4/2022 7:00,0.566
6/4/2022 7:15,0.471
6/4/2022 7:30,0.376
6/4/2022 7:45,0.365
6/4/2022 8:00,0.365
6/4/2022 8:15,0.365
6/4/2022 8:30,0.363
6/4/2022 8:45,0.366
6/4/2022 9:00,0.366
6/4/2022 9:15,0.365
6/4/2022 9:30,0.366
6/4/2022 9:45,0.365
6/4/2022 10:00,0.366
6/4/2022 10:15,0.365
6/4/2022 10:30,0.366
6/4/2022 10:45,0.364
6/4/2022 11:00,0.365
6/4/2022 11:15,0.364
6/4/2022 11:30,0.366
6/4/2022 11:45,0.365
6/4/2022 12:00,0.364
6/4/2022 12:15,0.364
6/4/2022 12:30,0.365
6/4/2022 12:45,0.362
6/4/2022 13:00,0.365
6/4/2022 13:15,0.366
6/4/2022 13:30,0.368
6/4/2022 13:45,0.368
6/4/2022 14:00,0.367
6/4/2022 14:15,0.365
6/4/2022 14:30,0.367
6/4/2022 14:45,0.368
6/4/2022 15:00,0.366
6/4/2022 15:15,0.367
6/4/2022 15:30,0.367
6/4/2022 15:45,0.423
6/4/2022 16:00,0.492
6/4/2022 16:15,0.564
6/4/2022 16:30,0.642
6/4/2022 16:45,0.695
6/4/2022 17:00,0.754
6/4/2022 17:15,0.792
6/4/2022 17:30,0.815
6/4/2022 17:45,0.821
6/4/2022 18:00,0.802
6/4/2022 18:15,0.77
6/4/2022 18:30,0.716
6/4/2022 18:45,0.662
6/4/2022 19:00,0.582
6/4/2022 19:15,0.511
6/4/2022 19:30,0.434
6/4/2022 19:45,0.366
6/4/2022 20:00,0.364
6/4/2022 20:15,0.365
6/4/2022 20:30,0.365
6/4/2022 20:45,0.365
6/4/2022 21:00,0.365
6/4/2022 21:15,0.364
6/4/2022 21:30,0.364
6/4/2022 21:45,0.365
6/4/2022 22:00,0.366
6/4/2022 22:15,0.364
6/4/2022 22:30,0.366
6/4/2022 22:45,0.366
6/4/2022 23:00,0.365
6/4/2022 23:15,0.364
6/4/2022 23:30,0.367
6/4/2022 23:45,0.365
6/5/2022 0:00,0.364
6/5/2022 0:15,0.365
6/5/2022 0:30,0.366
6/5/2022 0:45,0.366
6/5/2022 1:00,0.364
6/5/2022 1:15,0.364
6/5/2022 1:30,0.363
6/5/2022 1:45,0.366
6/5/2022 2:00,0.366
6/5/2022 2:15,0.365
6/5/2022 2:30,0.363
6/5/2022 2:45,0.365
6/5/2022 3:00,0.435
6/5/2022 3:15,0.527
6/5/2022 3:30,0.621
6/5/2022 3:45,0.703
6/5/2022 4:00,0.789
6/5/2022 4:15,0.863
6/5/2022 4:30,0.932
6/5/2022 4:45,0.991
6/5/2022 5:00,1.039
6/5/2022 5:15,1.071
6/5/2022 5:30,1.082
6/5/2022 5:45,1.07
6/5/2022 6:00,1.042
6/5/2022 6:15,0.993
6/5/2022 6:30,0.934
6/5/2022 6:45,0.863
6/5/2022 7:00,0.777
6/5/2022 7:15,0.69
6/5/2022 7:30,0.593
6/5/2022 7:45,0.498
6/5/2022 8:00,0.404
6/5/2022 8:15,0.363
6/5/2022 8:30,0.363
6/5/2022 8:45,0.362
6/5/2022 9:00,0.359
6/5/2022 9:15,0.364
6/5/2022 9:30,0.364
6/5/2022 9:45,0.362
6/5/2022 10:00,0.365
6/5/2022 10:15,0.363
6/5/2022 10:30,0.365
6/5/2022 10:45,0.366
6/5/2022 11:00,0.365
6/5/2022 11:15,0.365
6/5/2022 11:30,0.366
6/5/2022 11:45,0.369
6/5/2022 12:00,0.37
6/5/2022 12:15,0.368
6/5/2022 12:30,0.367
6/5/2022 12:45,0.366
6/5/2022 13:00,0.37
6/5/2022 13:15,0.371
6/5/2022 13:30,0.37
6/5/2022 13:45,0.367
6/5/2022 14:00,0.371
6/5/2022 14:15,0.371
6/5/2022 14:30,0.368
6/5/2022 14:45,0.368
6/5/2022 15:00,0.368
6/5/2022 15:15,0.371
6/5/2022 15:30,0.372
6/5/2022 15:45,0.37
6/5/2022 16:00,0.37
6/5/2022 16:15,0.37
6/5/2022 16:30,0.399
6/5/2022 16:45,0.476
6/5/2022 17:00,0.547
6/5/2022 17:15,0.62
6/5/2022 17:30,0.684
6/5/2022 17:45,0.729
6/5/2022 18:00,0.771
6/5/2022 18:15,0.795
6/5/2022 18:30,0.797
6/5/2022 18:45,0.774
6/5/2022 19:00,0.74
6/5/2022 19:15,0.691
6/5/2022 19:30,0.63
6/5/2022 19:45,0.557
6/5/2022 20:00,0.481
6/5/2022 20:15,0.406
6/5/2022 20:30,0.369
6/5/2022 20:45,0.367
6/5/2022 21:00,0.37
6/5/2022 21:15,0.367
6/5/2022 21:30,0.369
6/5/2022 21:45,0.367
6/5/2022 22:00,0.368
6/5/2022 22:15,0.367
6/5/2022 22:30,0.367
6/5/2022 22:45,0.368
6/5/2022 23:00,0.367
6/5/2022 23:15,0.367
6/5/2022 23:30,0.369
6/5/2022 23:45,0.368
6/6/2022 0:00,0.368
6/6/2022 0:15,0.367
6/6/2022 0:30,0.368
6/6/2022 0:45,0.371
6/6/2022 1:00,0.369
6/6/2022 1:15,0.367
6/6/2022 1:30,0.37
6/6/2022 1:45,0.369
6/6/2022 2:00,0.368
6/6/2022 2:15,0.368
6/6/2022 2:30,0.368
6/6/2022 2:45,0.369
6/6/2022 3:00,0.368
6/6/2022 3:15,0.368
6/6/2022 3:30,0.368
6/6/2022 3:45,0.369
6/6/2022 4:00,0.441
6/6/2022 4:15,0.533
6/6/2022 4:30,0.616
6/6/2022 4:45,0.7
6/6/2022 5:00,0.777
6/6/2022 5:15,0.844
6/6/2022 5:30,0.903
6/6/2022 5:45,0.952
6/6/2022 6:00,0.986
6/6/2022 6:15,0.998
6/6/2022 6:30,0.994
6/6/2022 6:45,0.974
6/6/2022 7:00,0.922
6/6/2022 7:15,0.86
6/6/2022 7:30,0.787
6/6/2022 7:45,0.706
6/6/2022 8:00,0.631
6/6/2022 8:15,0.536
6/6/2022 8:30,0.44
6/6/2022 8:45,0.371
6/6/2022 9:00,0.369
6/6/2022 9:15,0.37
6/6/2022 9:30,0.368
6/6/2022 9:45,0.37
6/6/2022 10:00,0.37
6/6/2022 10:15,0.369
6/6/2022 10:30,0.37
6/6/2022 10:45,0.373
6/6/2022 11:00,0.369
6/6/2022 11:15,0.371
6/6/2022 11:30,0.373
6/6/2022 11:45,0.371
6/6/2022 12:00,0.37
6/6/2022 12:15,0.372
6/6/2022 12:30,0.371
6/6/2022 12:45,0.374
6/6/2022 13:00,0.37
6/6/2022 13:15,0.374
6/6/2022 13:30,0.371
6/6/2022 13:45,0.373
6/6/2022 14:00,0.374
6/6/2022 14:15,0.375
6/6/2022 14:30,0.374
6/6/2022 14:45,0.373
6/6/2022 15:00,0.374
6/6/2022 15:15,0.375
6/6/2022 15:30,0.374
6/6/2022 15:45,0.377
6/6/2022 16:00,0.375
6/6/2022 16:15,0.375
6/6/2022 16:30,0.375
6/6/2022 16:45,0.375
6/6/2022 17:00,0.373
6/6/2022 17:15,0.383
6/6/2022 17:30,0.465
6/6/2022 17:45,0.549
6/6/2022 18:00,0.615
6/6/2022 18:15,0.682
6/6/2022 18:30,0.731
6/6/2022 18:45,0.773
6/6/2022 19:00,0.794
6/6/2022 19:15,0.801
6/6/2022 19:30,0.783
6/6/2022 19:45,0.749
6/6/2022 20:00,0.697
6/6/2022 20:15,0.636
6/6/2022 20:30,0.56
6/6/2022 20:45,0.489
6/6/2022 21:00,0.409
6/6/2022 21:15,0.371
6/6/2022 21:30,0.372
6/6/2022 21:45,0.371
6/6/2022 22:00,0.373
6/6/2022 22:15,0.37
6/6/2022 22:30,0.373
6/6/2022 22:45,0.369
6/6/2022 23:00,0.37
6/6/2022 23:15,0.37
6/6/2022 23:30,0.371
6/6/2022 23:45,0.371
6/7/2022 0:00,0.37
6/7/2022 0:15,0.371
6/7/2022 0:30,0.37
6/7/2022 0:45,0.37
6/7/2022 1:00,0.372
6/7/2022 1:15,0.372
6/7/2022 1:30,0.371
6/7/2022 1:45,0.37
6/7/2022 2:00,0.371
6/7/2022 2:15,0.37
6/7/2022 2:30,0.372
6/7/2022 2:45,0.372
6/7/2022 3:00,0.37
6/7/2022 3:15,0.372
6/7/2022 3:30,0.371
6/7/2022 3:45,0.372
6/7/2022 4:00,0.372
6/7/2022 4:15,0.371
6/7/2022 4:30,0.37
6/7/2022 4:45,0.376
6/7/2022 5:00,0.462
6/7/2022 5:15,0.547
6/7/2022 5:30,0.633
6/7/2022 5:45,0.706
6/7/2022 6:00,0.774
6/7/2022 6:15,0.835
6/7/2022 6:30,0.89
6/7/2022 6:45,0.925
6/7/2022 7:00,0.945
6/7/2022 7:15,0.95
6/7/2022 7:30,0.932
6/7/2022 7:45,0.893
6/7/2022 8:00,0.839
6/7/2022 8:15,0.774
6/7/2022 8:30,0.695
6/7/2022 8:45,0.62
6/7/2022 9:00,0.532
6/7/2022 9:15,0.439
6/7/2022 9:30,0.374
6/7/2022 9:45,0.372
6/7/2022 10:00,0.376
6/7/2022 10:15,0.373
6/7/2022 10:30,0.372
6/7/2022 10:45,0.374
6/7/2022 11:00,0.375
6/7/2022 11:15,0.373
6/7/2022 11:30,0.376
6/7/2022 11:45,0.375
6/7/2022 12:00,0.374
6/7/2022 12:15,0.375
6/7/2022 12:30,0.377
6/7/2022 12:45,0.373
6/7/2022 13:00,0.374
6/7/2022 13:15,0.377
6/7/2022 13:30,0.376
6/7/2022 13:45,0.376
6/7/2022 14:00,0.375
6/7/2022 14:15,0.377
6/7/2022 14:30,0.377
6/7/2022 14:45,0.378
6/7/2022 15:00,0.375
6/7/2022 15:15,0.375
6/7/2022 15:30,0.376
6/7/2022 15:45,0.375
6/7/2022 16:00,0.376
6/7/2022 16:15,0.377
6/7/2022 16:30,0.374
6/7/2022 16:45,0.375
6/7/2022 17:00,0.374
6/7/2022 17:15,0.379
6/7/2022 17:30,0.375
6/7/2022 17:45,0.376
6/7/2022 18:00,0.414
6/7/2022 18:15,0.507
6/7/2022 18:30,0.589
6/7/2022 18:45,0.651
6/7/2022 19:00,0.711
6/7/2022 19:15,0.776
6/7/2022 19:30,0.813
6/7/2022 19:45,0.844
6/7/2022 20:00,0.849
6/7/2022 20:15,0.84
6/7/2022 20:30,0.815
6/7/2022 20:45,0.766
6/7/2022 21:00,0.695
6/7/2022 21:15,0.632
6/7/2022 21:30,0.551
6/7/2022 21:45,0.466
6/7/2022 22:00,0.391
6/7/2022 22:15,0.371
6/7/2022 22:30,0.373
6/7/2022 22:45,0.375
6/7/2022 23:00,0.373
6/7/2022 23:15,0.374
6/7/2022 23:30,0.375
6/7/2022 23:45,0.374
6/8/2022 0:00,0.376
6/8/2022 0:15,0.377
6/8/2022 0:30,0.377
6/8/2022 0:45,0.375
6/8/2022 1:00,0.375
6/8/2022 1:15,0.377
6/8/2022 1:30,0.374
6/8/2022 1:45,0.374
6/8/2022 2:00,0.376
6/8/2022 2:15,0.376
6/8/2022 2:30,0.377
6/8/2022 2:45,0.374
6/8/2022 3:00,0.376
6/8/2022 3:15,0.376
6/8/2022 3:30,0.375
6/8/2022 3:45,0.377
6/8/2022 4:00,0.376
6/8/2022 4:15,0.375
6/8/2022 4:30,0.379
6/8/2022 4:45,0.378
6/8/2022 5:00,0.375
6/8/2022 5:15,0.377
6/8/2022 5:30,0.374
6/8/2022 5:45,0.391
6/8/2022 6:00,0.469
6/8/2022 6:15,0.566
6/8/2022 6:30,0.657
6/8/2022 6:45,0.726
6/8/2022 7:00,0.804
6/8/2022 7:15,0.864
6/8/2022 7:30,0.91
6/8/2022 7:45,0.949
6/8/2022 8:00,0.975
6/8/2022 8:15,0.974
6/8/2022 8:30,0.952
6/8/2022 8:45,0.919
6/8/2022 9:00,0.857
6/8/2022 9:15,0.791
6/8/2022 9:30,0.719
6/8/2022 9:45,0.638
6/8/2022 10:00,0.55
6/8/2022 10:15,0.461
6/8/2022 10:30,0.375
6/8/2022 10:45,0.371
6/8/2022 11:00,0.375
6/8/2022 11:15,0.374
6/8/2022 11:30,0.37
6/8/2022 11:45,0.373
6/8/2022 12:00,0.375
6/8/2022 12:15,0.376
6/8/2022 12:30,0.378
6/8/2022 12:45,0.375
6/8/2022 13:00,0.377
6/8/2022 13:15,0.376
6/8/2022 13:30,0.377
6/8/2022 13:45,0.376
6/8/2022 14:00,0.376
6/8/2022 14:15,0.375
6/8/2022 14:30,0.375
6/8/2022 14:45,0.374
6/8/2022 15:00,0.377
6/8/2022 15:15,0.378
6/8/2022 15:30,0.378
6/8/2022 15:45,0.373
6/8/2022 16:00,0.377
6/8/2022 16:15,0.377
6/8/2022 16:30,0.376
6/8/2022 16:45,0.376
6/8/2022 17:00,0.376
6/8/2022 17:15,0.377
6/8/2022 17:30,0.378
6/8/2022 17:45,0.377
6/8/2022 18:00,0.377
6/8/2022 18:15,0.377
6/8/2022 18:30,0.377
6/8/2022 18:45,0.455
6/8/2022 19:00,0.542
6/8/2022 19:15,0.635
6/8/2022 19:30,0.711
6/8/2022 19:45,0.785
6/8/2022 20:00,0.841
6/8/2022 20:15,0.894
6/8/2022 20:30,0.928
6/8/2022 20:45,0.947
6/8/2022 21:00,0.946
6/8/2022 21:15,0.921
6/8/2022 21:30,0.88
6/8/2022 21:45,0.82
6/8/2022 22:00,0.754
6/8/2022 22:15,0.676
6/8/2022 22:30,0.601
6/8/2022 22:45,0.51
6/8/2022 23:00,0.418
6/8/2022 23:15,0.375
6/8/2022 23:30,0.374
6/8/2022 23:45,0.372
6/9/2022 0:00,0.377
6/9/2022 0:15,0.376
6/9/2022 0:30,0.374
6/9/2022 0:45,0.377
6/9/2022 1:00,0.376
6/9/2022 1:15,0.378
6/9/2022 1:30,0.376
6/9/2022 1:45,0.374
6/9/2022 2:00,0.376
6/9/2022 2:15,0.376
6/9/2022 2:30,0.378
6/9/2022 2:45,0.376
6/9/2022 3:00,0.374
6/9/2022 3:15,0.376
6/9/2022 3:30,0.377
6/9/2022 3:45,0.376
6/9/2022 4:00,0.375
6/9/2022 4:15,0.376
6/9/2022 4:30,0.377
6/9/2022 4:45,0.374
6/9/2022 5:00,0.376
6/9/2022 5:15,0.379
6/9/2022 5:30,0.377
6/9/2022 5:45,0.376
6/9/2022 6:00,0.376
6/9/2022 6:15,0.376
6/9/2022 6:30,0.378
6/9/2022 6:45,0.391
6/9/2022 7:00,0.483
6/9/2022 7:15,0.572
6/9/2022 7:30,0.656
6/9/2022 7:45,0.736
6/9/2022 8:00,0.807
6/9/2022 8:15,0.865
6/9/2022 8:30,0.922
6/9/2022 8:45,0.974
6/9/2022 9:00,0.973
6/9/2022 9:15,0.977
6/9/2022 9:30,0.986
6/9/2022 9:45,0.919
6/9/2022 10:00,0.866
6/9/2022 10:15,0.813
6/9/2022 10:30,0.715
6/9/2022 10:45,0.663
6/9/2022 11:00,0.54
6/9/2022 11:15,0.443
6/9/2022 11:30,0.4
6/9/2022 11:45,0.376
6/9/2022 12:00,0.375
6/9/2022 12:15,0.377
6/9/2022 12:30,0.376
6/9/2022 12:45,0.377
6/9/2022 13:00,0.376
6/9/2022 13:15,0.375
6/9/2022 13:30,0.374
6/9/2022 13:45,0.377
6/9/2022 14:00,0.377
6/9/2022 14:15,0.374
6/9/2022 14:30,0.376
6/9/2022 14:45,0.378
6/9/2022 15:00,0.377
6/9/2022 15:15,0.376
6/9/2022 15:30,0.377
6/9/2022 15:45,0.375
6/9/2022 16:00,0.375
6/9/2022 16:15,0.374
6/9/2022 16:30,0.372
6/9/2022 16:45,0.372
6/9/2022 17:00,0.375
6/9/2022 17:15,0.374
6/9/2022 17:30,0.376
6/9/2022 17:45,0.374
6/9/2022 18:00,0.374
6/9/2022 18:15,0.374
6/9/2022 18:30,0.375
6/9/2022 18:45,0.375
6/9/2022 19:00,0.408
6/9/2022 19:15,0.505
6/9/2022 19:30,0.606
6/9/2022 19:45,0.692
6/9/2022 20:00,0.785
6/9/2022 20:15,0.871
6/9/2022 20:30,0.941
6/9/2022 20:45,1.003
6/9/2022 21:00,1.061
6/9/2022 21:15,1.097
6/9/2022 21:30,1.118
6/9/2022 21:45,1.118
6/9/2022 22:00,1.092
6/9/2022 22:15,1.052
6/9/2022 22:30,0.991
6/9/2022 22:45,0.913
6/9/2022 23:00,0.837
6/9/2022 23:15,0.754
6/9/2022 23:30,0.658
6/9/2022 23:45,0.562
6/10/2022 0:00,0.462
6/10/2022 0:15,0.376
6/10/2022 0:30,0.374
6/10/2022 0:45,0.373
6/10/2022 1:00,0.375
6/10/2022 1:15,0.374
6/10/2022 1:30,0.373
6/10/2022 1:45,0.374
6/10/2022 2:00,0.374
6/10/2022 2:15,0.374
6/10/2022 2:30,0.376
6/10/2022 2:45,0.377
6/10/2022 3:00,0.374
6/10/2022 3:15,0.376
6/10/2022 3:30,0.375
6/10/2022 3:45,0.376
6/10/2022 4:00,0.375
6/10/2022 4:15,0.376
6/10/2022 4:30,0.376
6/10/2022 4:45,0.374
6/10/2022 5:00,0.375
6/10/2022 5:15,0.376
6/10/2022 5:30,0.375
6/10/2022 5:45,0.375
6/10/2022 6:00,0.375
6/10/2022 6:15,0.376
6/10/2022 6:30,0.374
6/10/2022 6:45,0.375
6/10/2022 7:00,0.374
6/10/2022 7:15,0.374
6/10/2022 7:30,0.376
6/10/2022 7:45,0.381
6/10/2022 8:00,0.472
6/10/2022 8:15,0.565
6/10/2022 8:30,0.65
6/10/2022 8:45,0.731
6/10/2022 9:00,0.796
6/10/2022 9:15,0.873
6/10/2022 9:30,0.912
6/10/2022 9:45,0.95
6/10/2022 10:00,0.964
6/10/2022 10:15,0.955
6/10/2022 10:30,0.927
6/10/2022 10:45,0.878
6/10/2022 11:00,0.817
6/10/2022 11:15,0.732
6/10/2022 11:30,0.654
6/10/2022 11:45,0.575
6/10/2022 12:00,0.474
6/10/2022 12:15,0.383
6/10/2022 12:30,0.368
6/10/2022 12:45,0.374
6/10/2022 13:00,0.373
6/10/2022 13:15,0.375
6/10/2022 13:30,0.374
6/10/2022 13:45,0.375
6/10/2022 14:00,0.377
6/10/2022 14:15,0.375
6/10/2022 14:30,0.375
6/10/2022 14:45,0.376
6/10/2022 15:00,0.376
6/10/2022 15:15,0.375
6/10/2022 15:30,0.378
6/10/2022 15:45,0.377
6/10/2022 16:00,0.378
6/10/2022 16:15,0.378
6/10/2022 16:30,0.377
6/10/2022 16:45,0.378
6/10/2022 17:00,0.378
6/10/2022 17:15,0.38
6/10/2022 17:30,0.377
6/10/2022 17:45,0.375
6/10/2022 18:00,0.375
6/10/2022 18:15,0.376
6/10/2022 18:30,0.378
6/10/2022 18:45,0.375
6/10/2022 19:00,0.377
6/10/2022 19:15,0.375
6/10/2022 19:30,0.376
6/10/2022 19:45,0.374
6/10/2022 20:00,0.374
6/10/2022 20:15,0.478
6/10/2022 20:30,0.581
6/10/2022 20:45,0.686
6/10/2022 21:00,0.775
6/10/2022 21:15,0.867
6/10/2022 21:30,0.942
6/10/2022 21:45,1.011
6/10/2022 22:00,1.065
6/10/2022 22:15,1.102
6/10/2022 22:30,1.124
6/10/2022 22:45,1.113
6/10/2022 23:00,1.087
6/10/2022 23:15,1.032
6/10/2022 23:30,0.965
6/10/2022 23:45,0.883
6/11/2022 0:00,0.799
6/11/2022 0:15,0.709
6/11/2022 0:30,0.608
6/11/2022 0:45,0.503
6/11/2022 1:00,0.403
6/11/2022 1:15,0.373
6/11/2022 1:30,0.372
6/11/2022 1:45,0.37
6/11/2022 2:00,0.373
6/11/2022 2:15,0.372
6/11/2022 2:30,0.372
6/11/2022 2:45,0.373
6/11/2022 3:00,0.374
6/11/2022 3:15,0.372
6/11/2022 3:30,0.373
6/11/2022 3:45,0.373
6/11/2022 4:00,0.374
6/11/2022 4:15,0.373
6/11/2022 4:30,0.371
6/11/2022 4:45,0.372
6/11/2022 5:00,0.373
6/11/2022 5:15,0.371
6/11/2022 5:30,0.372
6/11/2022 5:45,0.375
6/11/2022 6:00,0.373
6/11/2022 6:15,0.373
6/11/2022 6:30,0.374
6/11/2022 6:45,0.374
6/11/2022 7:00,0.374
6/11/2022 7:15,0.373
6/11/2022 7:30,0.375
6/11/2022 7:45,0.374
6/11/2022 8:00,0.373
6/11/2022 8:15,0.375
6/11/2022 8:30,0.375
6/11/2022 8:45,0.373
6/11/2022 9:00,0.406
6/11/2022 9:15,0.497
6/11/2022 9:30,0.589
6/11/2022 9:45,0.67
6/11/2022 10:00,0.744
6/11/2022 10:15,0.812
6/11/2022 10:30,0.863
6/11/2022 10:45,0.899
6/11/2022 11:00,0.916
6/11/2022 11:15,0.91
6/11/2022 11:30,0.875
6/11/2022 11:45,0.823
6/11/2022 12:00,0.763
6/11/2022 12:15,0.681
6/11/2022 12:30,0.595
6/11/2022 12:45,0.504
6/11/2022 13:00,0.406
6/11/2022 13:15,0.373
6/11/2022 13:30,0.371
6/11/2022 13:45,0.371
6/11/2022 14:00,0.373
6/11/2022 14:15,0.373
6/11/2022 14:30,0.376
6/11/2022 14:45,0.376
6/11/2022 15:00,0.374
6/11/2022 15:15,0.376
6/11/2022 15:30,0.376
6/11/2022 15:45,0.376
6/11/2022 16:00,0.376
6/11/2022 16:15,0.378
6/11/2022 16:30,0.374
6/11/2022 16:45,0.374
6/11/2022 17:00,0.372
6/11/2022 17:15,0.374
6/11/2022 17:30,0.376
6/11/2022 17:45,0.373
6/11/2022 18:00,0.372
6/11/2022 18:15,0.374
6/11/2022 18:30,0.376
6/11/2022 18:45,0.374
6/11/2022 19:00,0.374
6/11/2022 19:15,0.375
6/11/2022 19:30,0.373
6/11/2022 19:45,0.374
6/11/2022 20:00,0.374
6/11/2022 20:15,0.375
6/11/2022 20:30,0.374
6/11/2022 20:45,0.374
6/11/2022 21:00,0.485
6/11/2022 21:15,0.598
6/11/2022 21:30,0.704
6/11/2022 21:45,0.805
6/11/2022 22:00,0.899
6/11/2022 22:15,0.989
6/11/2022 22:30,1.061
6/11/2022 22:45,1.123
6/11/2022 23:00,1.174
6/11/2022 23:15,1.199
6/11/2022 23:30,1.203
6/11/2022 23:45,1.179
6/12/2022 0:00,1.134
6/12/2022 0:15,1.067
6/12/2022 0:30,0.99
6/12/2022 0:45,0.896
6/12/2022 1:00,0.803
6/12/2022 1:15,0.704
6/12/2022 1:30,0.593
6/12/2022 1:45,0.488
6/12/2022 2:00,0.38
6/12/2022 2:15,0.371
6/12/2022 2:30,0.37
6/12/2022 2:45,0.371
6/12/2022 3:00,0.371
6/12/2022 3:15,0.37
6/12/2022 3:30,0.369
6/12/2022 3:45,0.371
6/12/2022 4:00,0.371
6/12/2022 4:15,0.372
6/12/2022 4:30,0.371
6/12/2022 4:45,0.371
6/12/2022 5:00,0.371
6/12/2022 5:15,0.371
6/12/2022 5:30,0.372
6/12/2022 5:45,0.372
6/12/2022 6:00,0.37
6/12/2022 6:15,0.371
6/12/2022 6:30,0.374
6/12/2022 6:45,0.372
6/12/2022 7:00,0.373
6/12/2022 7:15,0.375
6/12/2022 7:30,0.374
6/12/2022 7:45,0.37
6/12/2022 8:00,0.372
6/12/2022 8:15,0.37
6/12/2022 8:30,0.372
6/12/2022 8:45,0.372
6/12/2022 9:00,0.371
6/12/2022 9:15,0.37
6/12/2022 9:30,0.37
6/12/2022 9:45,0.373
6/12/2022 10:00,0.371
6/12/2022 10:15,0.464
6/12/2022 10:30,0.571
6/12/2022 10:45,0.661
6/12/2022 11:00,0.736
6/12/2022 11:15,0.809
6/12/2022 11:30,0.866
6/12/2022 11:45,0.907
6/12/2022 12:00,0.923
6/12/2022 12:15,0.915
6/12/2022 12:30,0.884
6/12/2022 12:45,0.829
6/12/2022 13:00,0.761
6/12/2022 13:15,0.676
6/12/2022 13:30,0.596
6/12/2022 13:45,0.498
6/12/2022 14:00,0.407
6/12/2022 14:15,0.372
6/12/2022 14:30,0.371
6/12/2022 14:45,0.369
6/12/2022 15:00,0.372
6/12/2022 15:15,0.37
6/12/2022 15:30,0.368
6/12/2022 15:45,0.367
6/12/2022 16:00,0.371
6/12/2022 16:15,0.371
6/12/2022 16:30,0.37
6/12/2022 16:45,0.371
6/12/2022 17:00,0.371
6/12/2022 17:15,0.374
6/12/2022 17:30,0.372
6/12/2022 17:45,0.374
6/12/2022 18:00,0.373
6/12/2022 18:15,0.373
6/12/2022 18:30,0.377
6/12/2022 18:45,0.372
6/12/2022 19:00,0.374
6/12/2022 19:15,0.376
6/12/2022 19:30,0.373
6/12/2022 19:45,0.376
6/12/2022 20:00,0.375
6/12/2022 20:15,0.376
6/12/2022 20:30,0.376
6/12/2022 20:45,0.377
6/12/2022 21:00,0.377
6/12/2022 21:15,0.376
6/12/2022 21:30,0.403
6/12/2022 21:45,0.518
6/12/2022 22:00,0.646
6/12/2022 22:15,0.758
6/12/2022 22:30,0.87
6/12/2022 22:45,0.975
6/12/2022 23:00,1.068
6/12/2022 23:15,1.151
6/12/2022 23:30,1.221
6/12/2022 23:45,1.286
6/13/2022 0:00,1.329
6/13/2022 0:15,1.341
6/13/2022 0:30,1.327
6/13/2022 0:45,1.284
6/13/2022 1:00,1.228
6/13/2022 1:15,1.15
6/13/2022 1:30,1.064
6/13/2022 1:45,0.959
6/13/2022 2:00,0.856
6/13/2022 2:15,0.745
6/13/2022 2:30,0.633
6/13/2022 2:45,0.519
6/13/2022 3:00,0.407
6/13/2022 3:15,0.372
6/13/2022 3:30,0.373
6/13/2022 3:45,0.373
6/13/2022 4:00,0.372
6/13/2022 4:15,0.374
6/13/2022 4:30,0.372
6/13/2022 4:45,0.373
6/13/2022 5:00,0.371
6/13/2022 5:15,0.37
6/13/2022 5:30,0.372
6/13/2022 5:45,0.37
6/13/2022 6:00,0.37
6/13/2022 6:15,0.371
6/13/2022 6:30,0.372
6/13/2022 6:45,0.373
6/13/2022 7:00,0.371
6/13/2022 7:15,0.371
6/13/2022 7:30,0.371
6/13/2022 7:45,0.373
6/13/2022 8:00,0.372
6/13/2022 8:15,0.373
6/13/2022 8:30,0.372
6/13/2022 8:45,0.371
6/13/2022 9:00,0.371
6/13/2022 9:15,0.372
6/13/2022 9:30,0.373
6/13/2022 9:45,0.37
6/13/2022 10:00,0.373
6/13/2022 10:15,0.373
6/13/2022 10:30,0.367
6/13/2022 10:45,0.371
6/13/2022 11:00,0.439
6/13/2022 11:15,0.542
6/13/2022 11:30,0.641
6/13/2022 11:45,0.727
6/13/2022 12:00,0.811
6/13/2022 12:15,0.877
6/13/2022 12:30,0.936
6/13/2022 12:45,0.974
6/13/2022 13:00,0.975
6/13/2022 13:15,0.963
6/13/2022 13:30,0.923
6/13/2022 13:45,0.858
6/13/2022 14:00,0.779
6/13/2022 14:15,0.694
6/13/2022 14:30,0.604
6/13/2022 14:45,0.504
6/13/2022 15:00,0.402
6/13/2022 15:15,0.373
6/13/2022 15:30,0.374
6/13/2022 15:45,0.37
6/13/2022 16:00,0.371
6/13/2022 16:15,0.372
6/13/2022 16:30,0.373
6/13/2022 16:45,0.371
6/13/2022 17:00,0.37
6/13/2022 17:15,0.371
6/13/2022 17:30,0.369
6/13/2022 17:45,0.368
6/13/2022 18:00,0.369
6/13/2022 18:15,0.376
6/13/2022 18:30,0.375
6/13/2022 18:45,0.372
6/13/2022 19:00,0.376
6/13/2022 19:15,0.373
6/13/2022 19:30,0.375
6/13/2022 19:45,0.376
6/13/2022 20:00,0.375
6/13/2022 20:15,0.375
6/13/2022 20:30,0.373
6/13/2022 20:45,0.376
6/13/2022 21:00,0.377
6/13/2022 21:15,0.377
6/13/2022 21:30,0.377
6/13/2022 21:45,0.375
6/13/2022 22:00,0.376
6/13/2022 22:15,0.377
6/13/2022 22:30,0.504
6/13/2022 22:45,0.626
6/13/2022 23:00,0.757
6/13/2022 23:15,0.878
6/13/2022 23:30,0.987
6/13/2022 23:45,1.088
6/14/2022 0:00,1.175
6/14/2022 0:15,1.263
6/14/2022 0:30,1.336
6/14/2022 0:45,1.392
6/14/2022 1:00,1.418
6/14/2022 1:15,1.417
6/14/2022 1:30,1.384
6/14/2022 1:45,1.332
6/14/2022 2:00,1.265
6/14/2022 2:15,1.184
6/14/2022 2:30,1.096
6/14/2022 2:45,0.981
6/14/2022 3:00,0.863
6/14/2022 3:15,0.747
6/14/2022 3:30,0.635
6/14/2022 3:45,0.514
6/14/2022 4:00,0.4
6/14/2022 4:15,0.373
6/14/2022 4:30,0.373
6/14/2022 4:45,0.374
6/14/2022 5:00,0.373
6/14/2022 5:15,0.374
6/14/2022 5:30,0.374
6/14/2022 5:45,0.374
6/14/2022 6:00,0.375
6/14/2022 6:15,0.376
6/14/2022 6:30,0.375
6/14/2022 6:45,0.375
6/14/2022 7:00,0.375
6/14/2022 7:15,0.374
6/14/2022 7:30,0.374
6/14/2022 7:45,0.374
6/14/2022 8:00,0.373
6/14/2022 8:15,0.372
6/14/2022 8:30,0.372
6/14/2022 8:45,0.372
6/14/2022 9:00,0.371
6/14/2022 9:15,0.371
6/14/2022 9:30,0.373
6/14/2022 9:45,0.374
6/14/2022 10:00,0.372
6/14/2022 10:15,0.374
6/14/2022 10:30,0.373
6/14/2022 10:45,0.374
6/14/2022 11:00,0.375
6/14/2022 11:15,0.372
6/14/2022 11:30,0.374
6/14/2022 11:45,0.375
6/14/2022 12:00,0.476
6/14/2022 12:15,0.583
6/14/2022 12:30,0.684
6/14/2022 12:45,0.763
6/14/2022 13:00,0.85
6/14/2022 13:15,0.923
6/14/2022 13:30,0.973
6/14/2022 13:45,0.996
6/14/2022 14:00,0.999
6/14/2022 14:15,0.968
6/14/2022 14:30,0.917
6/14/2022 14:45,0.845
6/14/2022 15:00,0.77
6/14/2022 15:15,0.679
6/14/2022 15:30,0.581
6/14/2022 15:45,0.476
6/14/2022 16:00,0.379
6/14/2022 16:15,0.371
6/14/2022 16:30,0.371
6/14/2022 16:45,0.372
6/14/2022 17:00,0.371
6/14/2022 17:15,0.369
6/14/2022 17:30,0.371
6/14/2022 17:45,0.37
6/14/2022 18:00,0.374
6/14/2022 18:15,0.371
6/14/2022 18:30,0.371
6/14/2022 18:45,0.37
6/14/2022 19:00,0.37
6/14/2022 19:15,0.371
6/14/2022 19:30,0.372
6/14/2022 19:45,0.371
6/14/2022 20:00,0.372
6/14/2022 20:15,0.372
6/14/2022 20:30,0.371
6/14/2022 20:45,0.37
6/14/2022 21:00,0.368
6/14/2022 21:15,0.372
6/14/2022 21:30,0.372
6/14/2022 21:45,0.374
6/14/2022 22:00,0.371
6/14/2022 22:15,0.371
6/14/2022 22:30,0.371
6/14/2022 22:45,0.372
6/14/2022 23:00,0.37
6/14/2022 23:15,0.46
6/14/2022 23:30,0.585
6/14/2022 23:45,0.714
6/15/2022 0:00,0.842
6/15/2022 0:15,0.961
6/15/2022 0:30,1.067
6/15/2022 0:45,1.165
6/15/2022 1:00,1.259
6/15/2022 1:15,1.341
6/15/2022 1:30,1.409
6/15/2022 1:45,1.452
6/15/2022 2:00,1.472
6/15/2022 2:15,1.452
6/15/2022 2:30,1.407
6/15/2022 2:45,1.351
6/15/2022 3:00,1.276
6/15/2022 3:15,1.186
6/15/2022 3:30,1.096
6/15/2022 3:45,0.975
6/15/2022 4:00,0.852
6/15/2022 4:15,0.734
6/15/2022 4:30,0.614
6/15/2022 4:45,0.495
6/15/2022 5:00,0.381
6/15/2022 5:15,0.372
6/15/2022 5:30,0.37
6/15/2022 5:45,0.371
6/15/2022 6:00,0.369
6/15/2022 6:15,0.369
6/15/2022 6:30,0.371
6/15/2022 6:45,0.371
6/15/2022 7:00,0.374
6/15/2022 7:15,0.37
6/15/2022 7:30,0.372
6/15/2022 7:45,0.37
6/15/2022 8:00,0.37
6/15/2022 8:15,0.369
6/15/2022 8:30,0.37
6/15/2022 8:45,0.369
6/15/2022 9:00,0.369
6/15/2022 9:15,0.371
6/15/2022 9:30,0.372
6/15/2022 9:45,0.371
6/15/2022 10:00,0.372
6/15/2022 10:15,0.372
6/15/2022 10:30,0.37
6/15/2022 10:45,0.369
6/15/2022 11:00,0.369
6/15/2022 11:15,0.369
6/15/2022 11:30,0.37
6/15/2022 11:45,0.37
6/15/2022 12:00,0.372
6/15/2022 12:15,0.374
6/15/2022 12:30,0.372
6/15/2022 12:45,0.411
6/15/2022 13:00,0.52
6/15/2022 13:15,0.633
6/15/2022 13:30,0.728
6/15/2022 13:45,0.825
6/15/2022 14:00,0.898
6/15/2022 14:15,0.964
6/15/2022 14:30,1.01
6/15/2022 14:45,1.032
6/15/2022 15:00,1.026
6/15/2022 15:15,0.985
6/15/2022 15:30,0.931
6/15/2022 15:45,0.859
6/15/2022 16:00,0.772
6/15/2022 16:15,0.682
6/15/2022 16:30,0.584
6/15/2022 16:45,0.478
6/15/2022 17:00,0.374
6/15/2022 17:15,0.366
6/15/2022 17:30,0.37
6/15/2022 17:45,0.369
6/15/2022 18:00,0.366
6/15/2022 18:15,0.367
6/15/2022 18:30,0.371
6/15/2022 18:45,0.367
6/15/2022 19:00,0.369
6/15/2022 19:15,0.37
6/15/2022 19:30,0.37
6/15/2022 19:45,0.37
6/15/2022 20:00,0.368
6/15/2022 20:15,0.369
6/15/2022 20:30,0.369
6/15/2022 20:45,0.37
6/15/2022 21:00,0.368
6/15/2022 21:15,0.371
6/15/2022 21:30,0.37
6/15/2022 21:45,0.369
6/15/2022 22:00,0.369
6/15/2022 22:15,0.371
6/15/2022 22:30,0.37
6/15/2022 22:45,0.37
6/15/2022 23:00,0.369
6/15/2022 23:15,0.368
6/15/2022 23:30,0.368
6/15/2022 23:45,0.371
6/16/2022 0:00,0.4
6/16/2022 0:15,0.529
6/16/2022 0:30,0.66
6/16/2022 0:45,0.786
6/16/2022 1:00,0.909
6/16/2022 1:15,1.023
6/16/2022 1:30,1.123
6/16/2022 1:45,1.223
6/16/2022 2:00,1.314
6/16/2022 2:15,1.384
6/16/2022 2:30,1.446
6/16/2022 2:45,1.476
6/16/2022 3:00,1.477
6/16/2022 3:15,1.442
6/16/2022 3:30,1.389
6/16/2022 3:45,1.323
6/16/2022 4:00,1.238
6/16/2022 4:15,1.149
6/16/2022 4:30,1.044
6/16/2022 4:45,0.912
6/16/2022 5:00,0.789
6/16/2022 5:15,0.671
6/16/2022 5:30,0.546
6/16/2022 5:45,0.431
6/16/2022 6:00,0.371
6/16/2022 6:15,0.369
6/16/2022 6:30,0.37
6/16/2022 6:45,0.369
6/16/2022 7:00,0.37
6/16/2022 7:15,0.369
6/16/2022 7:30,0.369
6/16/2022 7:45,0.37
6/16/2022 8:00,0.37
